Value,Date
35609,14/11/2023
36471,13/11/2023
37183,12/11/2023
36994,11/11/2023
36609,10/11/2023
36556,09/11/2023
35596,08/11/2023
35547,07/11/2023
35031,06/11/2023
34638,05/11/2023
34784,04/11/2023
34617,03/11/2023
34929,02/11/2023
35307,01/11/2023
34651,31/10/2023
34464,30/10/2023
34588,29/10/2023
34143,28/10/2023
33842,27/10/2023
34187,26/10/2023
34666,25/10/2023
33647,24/10/2023
31574,23/10/2023
29854,22/10/2023
30017,21/10/2023
29582,20/10/2023
28724,19/10/2023
28254,18/10/2023
28464,17/10/2023
28351,16/10/2023
27203,15/10/2023
26852,14/10/2023
26957,13/10/2023
26738,12/10/2023
26714,11/10/2023
27399,10/10/2023
27574,09/10/2023
27938,08/10/2023
27935,07/10/2023
28006,06/10/2023
27468,05/10/2023
27654,04/10/2023
27396,03/10/2023
27838,02/10/2023
27115,01/10/2023
27072,30/09/2023
26899,29/09/2023
27087,28/09/2023
26239,27/09/2023
26148,26/09/2023
26294,25/09/2023
26520,24/09/2023
26621,23/09/2023
26537,22/09/2023
26605,21/09/2023
27068,20/09/2023
27182,19/09/2023
26764,18/09/2023
26453,17/09/2023
26523,16/09/2023
26396,15/09/2023
26552,14/09/2023
26232,13/09/2023
26059,12/09/2023
25086,11/09/2023
25835,10/09/2023
25867,09/09/2023
25896,08/09/2023
25987,07/09/2023
25676,06/09/2023
25700,05/09/2023
25822,04/09/2023
26066,03/09/2023
25853,02/09/2023
25764,01/09/2023
25996,31/08/2023
27243,30/08/2023
27596,29/08/2023
25971,28/08/2023
26085,26/08/2023
26027,25/08/2023
26066,24/08/2023
25996,23/08/2023
26598,22/08/2023
25845,21/08/2023
26113,20/08/2023
26047.05,19/08/2023
26662.05,18/08/2023
28701.48,17/08/2023
29169.09,16/08/2023
29413.8,15/08/2023
29283.84,14/08/2023
29412.84,13/08/2023
29399.18,12/08/2023
29433.98,11/08/2023
29565.82,10/08/2023
29768.29,09/08/2023
29181.71,08/08/2023
29041.01,07/08/2023
29048.01,06/08/2023
29075,05/08/2023
29183.41,04/08/2023
29152.45,03/08/2023
29683.61,02/08/2023
29228.49,01/08/2023
29274.94,31/07/2023
29359.89,30/07/2023
29316.12,29/07/2023
29213.94,28/07/2023
29344.56,27/07/2023
29226.18,26/07/2023
29178.42,25/07/2023
30081.88,24/07/2023
29774.36,23/07/2023
29907.88,22/07/2023
29802.29,21/07/2023
29912.48,20/07/2023
29859.24,19/07/2023
30144.2,18/07/2023
30240.28,17/07/2023
30291.67,16/07/2023
30330.22,15/07/2023
31485.37,14/07/2023
30391.64,13/07/2023
30622.7,12/07/2023
30411.71,11/07/2023
30214.55,10/07/2023
30214.55,09/07/2023
30344.53,08/07/2023
29918.04,07/07/2023
30502.55,06/07/2023
30774.87,05/07/2023
31150.92,04/07/2023
30618.25,03/07/2023
30591.53,02/07/2023
30471.5,01/07/2023
30449.16,30/06/2023
30083.59,29/06/2023
30699.11,28/06/2023
30266.7,27/06/2023
30458.97,26/06/2023
30548.59,25/06/2023
30692.8,24/06/2023
29903.73,23/06/2023
29992.98,22/06/2023
28326.8,21/06/2023
26848.8,20/06/2023
26337.08,19/06/2023
26509.82,18/06/2023
26326.23,17/06/2023
25575.69,16/06/2023
25127.04,15/06/2023
25921.42,14/06/2023
25904.32,13/06/2023
25933.06,12/06/2023
25852.82,11/06/2023
26483.52,10/06/2023
26507.33,09/06/2023
26352.2,08/06/2023
27243.64,07/06/2023
25747.2,06/06/2023
27125.02,05/06/2023
27073.27,04/06/2023
27251.93,03/06/2023
26814.77,02/06/2023
27213.71,01/06/2023
27704,31/05/2023
27744.66,30/05/2023
28082.7,29/05/2023
26873.18,28/05/2023
26719.74,27/05/2023
26477.29,26/05/2023
26327.38,25/05/2023
27223.19,24/05/2023
26849.97,23/05/2023
26756.57,22/05/2023
27124.48,21/05/2023
26889.6,20/05/2023
26833.27,19/05/2023
27398.27,18/05/2023
27036.39,17/05/2023
27191.97,16/05/2023
26926.17,15/05/2023
26785.94,14/05/2023
26803.05,13/05/2023
26993.2,12/05/2023
27617.14,11/05/2023
27640.09,10/05/2023
27691.41,09/05/2023
28456.84,08/05/2023
28903.41,07/05/2023
29535.38,06/05/2023
28851.84,05/05/2023
29007.66,04/05/2023
28678.29,03/05/2023
28086.65,02/05/2023
29264.14,01/05/2023
29244.68,30/04/2023
29329.63,29/04/2023
29480.35,28/04/2023
28429.72,27/04/2023
28301.71,26/04/2023
27516.48,25/04/2023
27590.55,24/04/2023
27816.18,23/04/2023
27267.99,22/04/2023
28243.02,21/04/2023
28829.57,20/04/2023
30393.64,19/04/2023
29447.1,18/04/2023
30315.39,17/04/2023
30319.32,16/04/2023
30486.05,15/04/2023
30407.6,14/04/2023
29899.24,13/04/2023
30234.98,12/04/2023
29656.24,11/04/2023
28336.18,10/04/2023
27956.01,09/04/2023
27925.55,08/04/2023
28039.94,07/04/2023
28180.4,06/04/2023
28169.5,05/04/2023
27802.23,04/04/2023
28185.2,03/04/2023
28465.04,02/04/2023
28479.75,01/04/2023
28033.06,31/03/2023
28355.92,30/03/2023
27274.72,29/03/2023
27141.23,28/03/2023
27999.84,27/03/2023
27496.06,26/03/2023
27496.2,25/03/2023
28332.42,24/03/2023
27306.32,23/03/2023
28191.53,22/03/2023
27790.89,21/03/2023
28045.84,20/03/2023
26975.39,19/03/2023
27462.77,18/03/2023
25053.64,17/03/2023
24376.39,16/03/2023
24767.46,15/03/2023
24213.74,14/03/2023
22205.32,13/03/2023
20656.78,12/03/2023
20224.85,11/03/2023
20363.36,10/03/2023
21698.33,09/03/2023
22197.49,08/03/2023
22410.62,07/03/2023
22427.56,06/03/2023
22348.51,05/03/2023
22351.72,04/03/2023
23467.36,03/03/2023
23641.68,02/03/2023
23128.3,01/03/2023
23497.62,28/02/2023
23563.11,27/02/2023
23176.76,26/02/2023
23192.02,25/02/2023
23946.39,24/02/2023
24185.67,23/02/2023
24438.1,22/02/2023
24834.81,21/02/2023
24290.18,20/02/2023
24641.94,19/02/2023
24572.97,18/02/2023
23544.67,17/02/2023
24340.73,16/02/2023
22211.8,15/02/2023
21787.99,14/02/2023
21787.25,13/02/2023
21861.84,12/02/2023
21638.55,11/02/2023
21794.05,10/02/2023
22964.87,09/02/2023
23254.79,08/02/2023
22763.74,07/02/2023
22936.95,06/02/2023
23328.24,05/02/2023
23440.09,04/02/2023
23454.41,03/02/2023
23722.02,02/02/2023
23133.91,01/02/2023
22836.09,31/01/2023
23755.85,30/01/2023
23032.23,29/01/2023
23075.81,28/01/2023
23008.29,27/01/2023
23089.74,26/01/2023
22634.47,25/01/2023
22924.37,24/01/2023
22724.23,23/01/2023
22772.5,22/01/2023
22693.45,21/01/2023
21087.76,20/01/2023
20672.78,19/01/2023
21145.18,18/01/2023
21190.49,17/01/2023
20880.99,16/01/2023
20955.15,15/01/2023
19933.36,14/01/2023
18859.32,13/01/2023
17934.6,12/01/2023
17443.68,11/01/2023
17192.07,10/01/2023
17108.41,09/01/2023
16945.2,08/01/2023
16951.97,07/01/2023
16826.41,06/01/2023
16850.63,05/01/2023
16669.6,04/01/2023
16671.54,03/01/2023
16613.71,02/01/2023
16526.78,01/01/2023
16599.69,31/12/2022
16630.49,30/12/2022
16539.28,29/12/2022
16699,28/12/2022
16915.7,27/12/2022
16826.86,26/12/2022
16838.1,25/12/2022
16779.71,24/12/2022
16818.68,23/12/2022
16813.62,22/12/2022
16904.64,21/12/2022
16439.89,20/12/2022
16745.99,19/12/2022
16783.6,18/12/2022
16637.6,17/12/2022
17357.47,16/12/2022
17802.44,15/12/2022
17771.03,14/12/2022
17206.87,13/12/2022
17098.61,12/12/2022
17124.99,11/12/2022
17128.55,10/12/2022
17234.58,09/12/2022
16836.05,08/12/2022
17085.45,07/12/2022
16967.02,06/12/2022
17117.57,05/12/2022
16894.23,04/12/2022
17091.23,03/12/2022
16971.57,02/12/2022
17170.62,01/12/2022
16432.73,30/11/2022
16208.96,29/11/2022
16420.2,28/11/2022
16453.47,27/11/2022
16507.44,26/11/2022
16592.67,25/11/2022
16606.77,24/11/2022
16194.75,23/11/2022
15759.61,22/11/2022
16260.41,21/11/2022
16687.8,20/11/2022
16683.22,19/11/2022
16682.44,18/11/2022
16662.24,17/11/2022
16873.56,16/11/2022
16587.96,15/11/2022
16310.3,14/11/2022
16776.4,13/11/2022
16990.26,12/11/2022
17550.23,11/11/2022
15856.95,10/11/2022
18540.11,09/11/2022
20598.44,08/11/2022
20920.33,07/11/2022
21292.67,06/11/2022
21152.93,05/11/2022
20208.16,04/11/2022
20153.99,03/11/2022
20486.26,02/11/2022
20499.29,01/11/2022
20628.5,31/10/2022
20816.16,30/10/2022
20601.63,29/10/2022
20288.52,28/10/2022
20772.36,27/10/2022
20101.27,26/10/2022
19338.9,25/10/2022
19565.91,24/10/2022
19205.45,23/10/2022
19171.34,22/10/2022
19046.83,21/10/2022
19125.65,20/10/2022
19330.74,19/10/2022
19548.97,18/10/2022
19265.53,17/10/2022
19063.1,16/10/2022
19184.71,15/10/2022
19383.33,14/10/2022
19156.21,13/10/2022
19049.64,12/10/2022
19132.52,11/10/2022
19441.88,10/10/2022
19417.73,09/10/2022
19544.82,08/10/2022
19956.49,07/10/2022
20167.79,06/10/2022
20342.25,05/10/2022
19632.61,04/10/2022
19049.72,03/10/2022
19314.69,02/10/2022
19427.2,01/10/2022
19598.86,30/09/2022
19530.71,29/09/2022
19104.89,28/09/2022
19227.26,27/09/2022
18807.71,26/09/2022
18931.79,25/09/2022
19280.58,24/09/2022
19408.63,23/09/2022
18507.36,22/09/2022
18879.96,21/09/2022
19542.2,20/09/2022
19415.86,19/09/2022
20122.71,18/09/2022
19787.61,17/09/2022
19694.69,16/09/2022
20219.55,15/09/2022
20172.56,14/09/2022
22392.71,13/09/2022
21794.52,12/09/2022
21673.03,11/09/2022
21387.58,10/09/2022
19327.53,09/09/2022
19280.08,08/09/2022
18806.7,07/09/2022
19789.87,06/09/2022
19994.65,05/09/2022
19834.94,04/09/2022
19952.91,03/09/2022
20130.52,02/09/2022
20047.68,01/09/2022
19793.02,31/08/2022
20290.41,30/08/2022
19550.07,29/08/2022
20035.59,28/08/2022
20233.32,27/08/2022
21597.93,26/08/2022
21377.51,25/08/2022
21516.02,24/08/2022
21402.93,23/08/2022
21520.51,22/08/2022
21150.33,21/08/2022
20843.22,20/08/2022
23193.99,19/08/2022
23332.09,18/08/2022
23876.29,17/08/2022
24096.19,16/08/2022
24314.89,15/08/2022
24447.13,14/08/2022
24418.38,13/08/2022
23953.77,12/08/2022
23959.92,11/08/2022
23156.31,10/08/2022
23816.32,09/08/2022
23174.25,08/08/2022
22947.19,07/08/2022
23295.14,06/08/2022
22608.3,05/08/2022
22831.85,04/08/2022
22981.77,03/08/2022
23298.94,02/08/2022
23326.49,01/08/2022
23647.99,31/07/2022
23792,30/07/2022
23856.25,29/07/2022
22950.29,28/07/2022
21267.33,27/07/2022
21300.72,26/07/2022
22582.4,25/07/2022
22461.7,24/07/2022
22687.08,23/07/2022
23154.09,22/07/2022
23227.22,21/07/2022
23403.29,20/07/2022
22538.08,19/07/2022
20774.23,18/07/2022
21197.1,17/07/2022
20835.61,16/07/2022
20568.9,15/07/2022
20223.69,14/07/2022
19292.99,13/07/2022
19946.31,12/07/2022
20834.61,11/07/2022
21582.6,10/07/2022
21636.45,09/07/2022
21633.44,08/07/2022
20545.61,07/07/2022
20181.91,06/07/2022
20208.45,05/07/2022
19288.97,04/07/2022
19224.75,03/07/2022
19226.7,02/07/2022
19865.7,01/07/2022
20085.93,30/06/2022
20256.61,29/06/2022
20702.23,28/06/2022
21020.04,27/06/2022
21481.38,26/06/2022
21194.68,25/06/2022
21088.3,24/06/2022
19953.71,23/06/2022
20703.51,22/06/2022
20582.29,21/06/2022
20540.38,20/06/2022
18977.51,19/06/2022
20434.75,18/06/2022
20350.48,17/06/2022
22550.79,16/06/2022
22189.29,15/06/2022
22431.22,14/06/2022
26593.3,13/06/2022
28344.5,12/06/2022
29059.41,11/06/2022
30083.46,10/06/2022
30189.25,09/06/2022
31117.83,08/06/2022
31349.82,07/06/2022
29901.35,06/06/2022
29845.23,05/06/2022
29681.76,04/06/2022
30429.88,03/06/2022
29780.81,02/06/2022
31776.27,01/06/2022
31715.58,31/05/2022
29448.74,30/05/2022
29013.69,29/05/2022
28578.89,28/05/2022
29193.92,27/05/2022
29518.59,26/05/2022
29634.57,25/05/2022
29074.33,24/05/2022
30278.94,23/05/2022
29409.92,22/05/2022
29159.5,21/05/2022
30289.87,20/05/2022
28680.97,19/05/2022
30406.69,18/05/2022
29834.09,17/05/2022
31277.43,16/05/2022
30074.61,15/05/2022
29234.06,14/05/2022
28931.14,13/05/2022
28907.15,12/05/2022
31003.93,11/05/2022
30175.71,10/05/2022
34082.21,09/05/2022
35471.42,08/05/2022
36013.03,07/05/2022
36549.9,06/05/2022
39674.89,05/05/2022
37727.19,04/05/2022
38510.65,03/05/2022
38475.48,02/05/2022
37661.19,01/05/2022
38596.28,30/04/2022
39770.04,29/04/2022
39249.28,28/04/2022
38114.94,27/04/2022
40472.7,26/04/2022
39465.57,25/04/2022
39429.01,24/04/2022
39727.65,23/04/2022
40514.01,22/04/2022
41375.79,21/04/2022
41507.3,20/04/2022
40805.72,19/04/2022
39711.45,18/04/2022
40388.78,17/04/2022
40566.2,16/04/2022
39939.9,15/04/2022
41148.06,14/04/2022
40102.2,13/04/2022
39488.62,12/04/2022
42144.23,11/04/2022
42787.69,10/04/2022
42278.94,09/04/2022
43464.32,08/04/2022
43190.18,07/04/2022
45508.16,06/04/2022
46611.26,05/04/2022
46425.52,04/04/2022
45825.36,03/04/2022
46282.56,02/04/2022
45539.22,01/04/2022
47064.16,31/03/2022
47448.01,30/03/2022
47115.93,29/03/2022
46858.53,28/03/2022
44542.39,27/03/2022
44334.33,26/03/2022
44004.47,25/03/2022
42905.06,24/03/2022
42372.67,23/03/2022
41071.41,22/03/2022
41250.83,21/03/2022
42222.32,20/03/2022
41795.77,19/03/2022
40946.78,18/03/2022
41133.08,17/03/2022
39320.82,16/03/2022
39680.6,15/03/2022
37820.39,14/03/2022
38809.18,13/03/2022
38741.04,12/03/2022
39437.89,11/03/2022
41956.53,10/03/2022
38753.1,09/03/2022
38032.5,08/03/2022
38407.69,07/03/2022
39399.58,06/03/2022
39141.25,05/03/2022
42464.4,04/03/2022
43934.85,03/03/2022
44418.83,02/03/2022
43226.36,01/03/2022
37704.56,28/02/2022
39103.91,27/02/2022
39222.6,26/02/2022
38344.78,25/02/2022
37291.48,24/02/2022
38262.17,23/02/2022
37031.08,22/02/2022
38382.32,21/02/2022
40115.05,20/02/2022
40014.55,19/02/2022
40565.69,18/02/2022
43948.81,17/02/2022
44536.2,16/02/2022
42580.94,15/02/2022
42104.89,14/02/2022
42245.56,13/02/2022
42401.27,12/02/2022
43531.11,11/02/2022
44397.3,10/02/2022
44133.28,09/02/2022
43834.02,08/02/2022
42450.98,07/02/2022
41435.43,06/02/2022
41584.19,05/02/2022
37092.4,04/02/2022
36912.68,03/02/2022
38739.74,02/02/2022
38521.79,01/02/2022
37918.62,31/01/2022
38186.49,30/01/2022
37770.15,29/01/2022
37146.85,28/01/2022
36823.5,27/01/2022
36948.81,26/01/2022
36678.82,25/01/2022
36280.82,24/01/2022
35071.43,23/01/2022
36480.85,22/01/2022
40684.42,21/01/2022
41707.85,20/01/2022
42381.48,19/01/2022
42248.35,18/01/2022
43102.44,17/01/2022
43146.53,16/01/2022
43099.37,15/01/2022
42546.44,14/01/2022
43926,13/01/2022
42723.37,12/01/2022
41849,11/01/2022
41864.44,10/01/2022
41690.93,09/01/2022
41528.04,08/01/2022
43120.63,07/01/2022
43436.17,06/01/2022
45862.98,05/01/2022
46441.99,04/01/2022
47327.87,03/01/2022
47763.33,02/01/2022
46249.56,01/01/2022
47132.96,31/12/2021
46408.87,30/12/2021
47601.26,29/12/2021
50692.3,28/12/2021
50801.11,27/12/2021
50470.89,26/12/2021
50814.92,25/12/2021
50785.69,24/12/2021
48628.35,23/12/2021
48934.57,22/12/2021
46910.13,21/12/2021
46689.28,20/12/2021
46863.67,19/12/2021
46173.51,18/12/2021
47658.38,17/12/2021
48884.66,16/12/2021
48392.79,15/12/2021
46757.09,14/12/2021
50117.25,13/12/2021
49379.67,12/12/2021
47137.46,11/12/2021
47659.68,10/12/2021
50511.12,09/12/2021
50645.41,08/12/2021
50564.63,07/12/2021
49380.43,06/12/2021
49253.86,05/12/2021
53713.84,04/12/2021
56508.48,03/12/2021
57229.76,02/12/2021
57025.79,01/12/2021
57828.45,30/11/2021
57292.28,29/11/2021
54801.15,28/11/2021
53588.21,27/11/2021
58935.45,26/11/2021
57187.54,25/11/2021
57578.22,24/11/2021
56301.52,23/11/2021
58755.9,22/11/2021
59777.98,21/11/2021
58133.02,20/11/2021
56921.34,19/11/2021
60381.35,18/11/2021
60172.26,17/11/2021
63584.25,16/11/2021
65468.75,15/11/2021
64420.94,14/11/2021
64254.67,13/11/2021
64838.81,12/11/2021
64976.73,11/11/2021
66954.11,10/11/2021
67562.17,09/11/2021
63293.22,08/11/2021
61516.31,07/11/2021
61072.32,06/11/2021
61441.83,05/11/2021
62954.86,04/11/2021
63241.11,03/11/2021
61029.5,02/11/2021
61373.44,01/11/2021
61731.29,31/10/2021
62249.18,30/10/2021
60587.09,29/10/2021
58538.49,28/10/2021
60345.17,27/10/2021
63070.54,26/10/2021
60884.18,25/10/2021
61277.28,24/10/2021
60697.06,23/10/2021
62354.86,22/10/2021
66063.56,21/10/2021
64287.64,20/10/2021
61971.59,19/10/2021
61546.21,18/10/2021
60948.78,17/10/2021
61641.17,16/10/2021
57397.74,15/10/2021
57406.69,14/10/2021
56242.94,13/10/2021
57452.01,12/10/2021
54625.74,11/10/2021
55122.59,10/10/2021
53867.3,09/10/2021
53801.1,08/10/2021
55343.76,07/10/2021
51505.83,06/10/2021
49143.95,05/10/2021
48205.72,04/10/2021
47727.1,03/10/2021
48140.11,02/10/2021
43757.81,01/10/2021
41522.38,30/09/2021
41011.16,29/09/2021
42238.2,28/09/2021
43182.63,27/09/2021
42742.01,26/09/2021
42815.56,25/09/2021
44888.96,24/09/2021
43604.76,23/09/2021
40619.27,22/09/2021
42901.56,21/09/2021
47249.38,20/09/2021
48259.45,19/09/2021
47263.6,18/09/2021
47785.26,17/09/2021
48167.85,16/09/2021
47072.12,15/09/2021
44968.76,14/09/2021
46059.12,13/09/2021
45144.79,12/09/2021
44847.48,11/09/2021
46368.69,10/09/2021
46078.38,09/09/2021
46809.17,08/09/2021
52677.4,07/09/2021
51769.06,06/09/2021
49947.38,05/09/2021
50035.33,04/09/2021
49329.01,03/09/2021
48862.76,02/09/2021
47155.87,01/09/2021
47074.77,31/08/2021
48806.78,30/08/2021
48897.65,29/08/2021
49056.86,28/08/2021
46962.8,27/08/2021
48972.09,26/08/2021
47744.58,25/08/2021
49523.5,24/08/2021
49335.68,23/08/2021
48932.02,22/08/2021
49327.75,21/08/2021
46734.65,20/08/2021
44777.86,19/08/2021
44648.57,18/08/2021
45982.55,17/08/2021
47056.41,16/08/2021
47112.19,15/08/2021
47833.98,14/08/2021
44417.78,13/08/2021
45611.46,12/08/2021
45608.37,11/08/2021
46333.46,10/08/2021
43816.14,09/08/2021
44634.13,08/08/2021
42825.95,07/08/2021
40882,06/08/2021
39750.14,05/08/2021
38138,04/08/2021
39193.94,03/08/2021
40000.46,02/08/2021
41659.06,01/08/2021
42214.15,31/07/2021
40005.93,30/07/2021
40002.53,29/07/2021
39405.95,28/07/2021
37318.14,27/07/2021
35365.2,26/07/2021
34279.34,25/07/2021
33581.63,24/07/2021
32297.89,23/07/2021
32118.06,22/07/2021
29790.24,21/07/2021
30815.94,20/07/2021
31783.49,19/07/2021
31520.66,18/07/2021
31421.25,17/07/2021
31738.59,16/07/2021
32814.61,15/07/2021
32686.56,14/07/2021
33158.25,13/07/2021
34227.64,12/07/2021
33515.57,11/07/2021
33818.52,10/07/2021
32877.41,09/07/2021
33839.04,08/07/2021
34211.01,07/07/2021
33747.97,06/07/2021
35309.3,05/07/2021
34688.98,04/07/2021
33856.86,03/07/2021
33536.88,02/07/2021
35047.36,01/07/2021
35847.7,30/06/2021
34456.67,29/06/2021
34644.45,28/06/2021
32160.91,27/06/2021
31640.58,26/06/2021
34639.38,25/06/2021
33674.66,24/06/2021
32447.59,23/06/2021
31686.55,22/06/2021
35592.35,21/06/2021
35524.17,20/06/2021
35729.82,19/06/2021
38068.04,18/06/2021
38324.87,17/06/2021
40188.56,16/06/2021
40525.8,15/06/2021
39066.82,14/06/2021
35494.9,13/06/2021
37313.18,12/06/2021
36704.57,11/06/2021
37338.36,10/06/2021
33450.19,09/06/2021
33514.87,08/06/2021
35816.17,07/06/2021
35530.38,06/06/2021
36885.51,05/06/2021
39188.59,04/06/2021
37585.24,03/06/2021
36662.64,02/06/2021
37310.54,01/06/2021
35684.59,31/05/2021
34647.67,30/05/2021
35689.62,29/05/2021
38445.29,28/05/2021
39266.04,27/05/2021
38410.5,26/05/2021
38728.59,25/05/2021
34754.54,24/05/2021
37528.3,23/05/2021
37280.35,22/05/2021
40784.32,21/05/2021
36964.27,20/05/2021
42912.19,19/05/2021
43596.24,18/05/2021
46441.64,17/05/2021
46736.58,16/05/2021
49922.52,15/05/2021
49702.27,14/05/2021
49007.09,13/05/2021
56750,12/05/2021
55883.5,11/05/2021
58280.73,10/05/2021
58928.81,09/05/2021
57380.27,08/05/2021
56428.16,07/05/2021
57473.23,06/05/2021
53241.72,05/05/2021
57213.33,04/05/2021
56610.46,03/05/2021
57857.5,02/05/2021
57796.62,01/05/2021
53584.15,30/04/2021
54884.1,29/04/2021
55071.46,28/04/2021
54056.64,27/04/2021
49075.58,26/04/2021
50110.53,25/04/2021
51153.13,24/04/2021
51731.71,23/04/2021
53808.8,22/04/2021
56507.91,21/04/2021
55703.14,20/04/2021
56251.48,19/04/2021
60087.09,18/04/2021
61455.98,17/04/2021
63252.63,16/04/2021
62969.12,15/04/2021
63554.44,14/04/2021
59834.74,13/04/2021
59964.87,12/04/2021
59774,11/04/2021
58102.58,10/04/2021
58048.59,09/04/2021
55947.27,08/04/2021
58020.46,07/04/2021
59054.1,06/04/2021
58206.55,05/04/2021
57076.49,04/04/2021
59031.32,03/04/2021
58736.92,02/04/2021
58735.25,01/04/2021
58730.13,31/03/2021
57627.67,30/03/2021
55783.71,29/03/2021
55863.93,28/03/2021
55074.47,27/03/2021
51415.92,26/03/2021
52508.23,25/03/2021
54477.46,24/03/2021
54204.96,23/03/2021
57411.17,22/03/2021
58085.8,21/03/2021
58075.1,20/03/2021
57665.9,19/03/2021
58913,18/03/2021
56872.38,17/03/2021
55754.72,16/03/2021
59133.47,15/03/2021
61258.73,14/03/2021
57253.28,13/03/2021
57764,12/03/2021
55997.23,11/03/2021
54881.52,10/03/2021
52299.33,09/03/2021
51169.7,08/03/2021
48881.59,07/03/2021
48861.38,06/03/2021
48448.91,05/03/2021
50477.7,04/03/2021
48356.04,03/03/2021
49618.43,02/03/2021
45113.92,01/03/2021
46155.87,28/02/2021
46340.31,27/02/2021
46800.42,26/02/2021
50624.84,25/02/2021
48880.43,24/02/2021
54123.4,23/02/2021
57487.86,22/02/2021
56001.2,21/02/2021
55916.5,20/02/2021
51608.15,19/02/2021
52118.23,18/02/2021
49160.1,17/02/2021
47951.85,16/02/2021
48720.37,15/02/2021
47185.19,14/02/2021
47471.4,13/02/2021
48013.38,12/02/2021
44878.17,11/02/2021
46589.58,10/02/2021
46364.3,09/02/2021
38928.1,08/02/2021
39323.26,07/02/2021
38278.61,06/02/2021
37002.09,05/02/2021
37676.25,04/02/2021
35529.66,03/02/2021
33522.9,02/02/2021
33136.46,01/02/2021
34318.1,31/01/2021
34314.26,30/01/2021
33403.17,29/01/2021
30419.17,28/01/2021
32541.8,27/01/2021
32243.26,26/01/2021
32276.84,25/01/2021
32099.74,24/01/2021
33002.38,23/01/2021
30797.88,22/01/2021
35538.98,21/01/2021
36020.13,20/01/2021
36632.35,19/01/2021
35793.01,18/01/2021
36065.2,17/01/2021
36828.52,16/01/2021
39158.47,15/01/2021
37393.13,14/01/2021
34011.82,13/01/2021
35544.94,12/01/2021
38240.09,11/01/2021
40240.72,10/01/2021
40670.25,09/01/2021
39486.04,08/01/2021
36860.41,07/01/2021
34046.67,06/01/2021
32035.03,05/01/2021
33000.78,04/01/2021
32195.46,03/01/2021
29393.75,02/01/2021
28982.56,01/01/2021
28856.59,31/12/2020
27376.37,30/12/2020
27036.69,29/12/2020
26246.58,28/12/2020
26443.21,27/12/2020
24693.58,26/12/2020
23715.53,25/12/2020
23253.37,24/12/2020
23824.99,23/12/2020
22745.48,22/12/2020
23490.58,21/12/2020
23869.92,20/12/2020
23150.79,19/12/2020
22847.46,18/12/2020
21379.48,17/12/2020
19439.75,16/12/2020
19276.59,15/12/2020
19164.48,14/12/2020
18803.44,13/12/2020
18029.36,12/12/2020
18247.76,11/12/2020
18554.15,10/12/2020
18318.87,09/12/2020
19181.41,08/12/2020
19377.66,07/12/2020
19155.06,06/12/2020
18670.49,05/12/2020
19454.54,04/12/2020
19226.97,03/12/2020
18792.52,02/12/2020
19709.73,01/12/2020
18191.6,30/11/2020
17732.42,29/11/2020
17138.87,28/11/2020
17151.44,27/11/2020
18739.8,26/11/2020
19172.52,25/11/2020
18398.91,24/11/2020
18422.28,23/11/2020
18699.75,22/11/2020
18687.45,21/11/2020
17820.57,20/11/2020
17798.45,19/11/2020
17679.72,18/11/2020
16725.15,17/11/2020
15968.16,16/11/2020
16091.07,15/11/2020
16339.33,14/11/2020
16295.57,13/11/2020
15708.65,12/11/2020
15317.04,11/11/2020
15328.53,10/11/2020
15490.6,09/11/2020
14839.84,08/11/2020
15595.77,07/11/2020
15591.39,06/11/2020
14155.59,05/11/2020
14023.31,04/11/2020
13575.17,03/11/2020
13758.88,02/11/2020
13810.32,01/11/2020
13564.72,31/10/2020
13458.66,30/10/2020
13289,29/10/2020
13651.47,28/10/2020
13076.37,27/10/2020
13036.77,26/10/2020
13128.46,25/10/2020
12944.52,24/10/2020
12990.25,23/10/2020
12831.56,22/10/2020
11925.46,21/10/2020
11758.16,20/10/2020
11508.2,19/10/2020
11366.51,18/10/2020
11327.57,17/10/2020
11503.73,16/10/2020
11431.32,15/10/2020
11428.24,14/10/2020
11540.04,13/10/2020
11376.61,12/10/2020
11302.67,11/10/2020
11063.19,10/10/2020
10923.3,09/10/2020
10670.8,08/10/2020
10603.74,07/10/2020
10788.56,06/10/2020
10673.46,05/10/2020
10551.77,04/10/2020
10575.06,03/10/2020
10619.24,02/10/2020
10777.92,01/10/2020
10840.8,30/09/2020
10692.33,29/09/2020
10774.24,28/09/2020
10732.4,27/09/2020
10692.84,26/09/2020
10732.43,25/09/2020
10234.48,24/09/2020
10532.22,23/09/2020
10430.46,22/09/2020
10919.65,21/09/2020
11081.43,20/09/2020
10931.79,19/09/2020
10943.89,18/09/2020
10948.43,17/09/2020
10785.62,16/09/2020
10674.64,15/09/2020
10330.77,14/09/2020
10446.44,13/09/2020
10395.44,12/09/2020
10352.66,11/09/2020
10227.83,10/09/2020
10121.52,09/09/2020
10367.74,08/09/2020
10254.93,07/09/2020
10159.62,06/09/2020
10467.89,05/09/2020
10187.51,04/09/2020
11397.44,03/09/2020
11923.25,02/09/2020
11659.57,01/09/2020
11707.78,31/08/2020
11481.64,30/08/2020
11534.75,29/08/2020
11302.01,28/08/2020
11467.37,27/08/2020
11337.4,26/08/2020
11763.93,25/08/2020
11653.02,24/08/2020
11683.44,23/08/2020
11522.8,22/08/2020
11865.82,21/08/2020
11734,20/08/2020
11969.53,19/08/2020
12293.72,18/08/2020
11914.01,17/08/2020
11873.98,16/08/2020
11774.38,15/08/2020
11777.43,14/08/2020
11573.11,13/08/2020
11392.43,12/08/2020
11893.03,11/08/2020
11684.06,10/08/2020
11767.6,09/08/2020
11605.6,08/08/2020
11772.94,07/08/2020
11750.28,06/08/2020
11194.25,05/08/2020
11242.57,04/08/2020
11077.77,03/08/2020
11823.69,02/08/2020
11343.88,01/08/2020
11114.93,31/07/2020
11102.67,30/07/2020
10934.94,29/07/2020
11042.4,28/07/2020
9938.83,27/07/2020
9707.5,26/07/2020
9551.28,25/07/2020
9613.11,24/07/2020
9537.4,23/07/2020
9392.66,22/07/2020
9163.87,21/07/2020
9214.66,20/07/2020
9174.71,19/07/2020
9154.19,18/07/2020
9131,17/07/2020
9193.51,16/07/2020
9254.52,15/07/2020
9238.13,14/07/2020
9295.9,13/07/2020
9235.96,12/07/2020
9287.4,11/07/2020
9238.04,10/07/2020
9440.07,09/07/2020
9256.23,08/07/2020
9348.91,07/07/2020
9089.09,06/07/2020
9131.31,05/07/2020
9072.42,04/07/2020
9087.98,03/07/2020
9236.38,02/07/2020
9133.97,01/07/2020
9185.35,30/06/2020
9127.47,29/06/2020
9004.23,28/06/2020
9154.45,27/06/2020
9240.85,26/06/2020
9276.58,25/06/2020
9621.49,24/06/2020
9691.9,23/06/2020
9284.78,22/06/2020
9357.43,21/06/2020
9300.15,20/06/2020
9380.03,19/06/2020
9454.81,18/06/2020
9526,17/06/2020
9426.7,16/06/2020
9330.07,15/06/2020
9473.5,14/06/2020
9459.97,13/06/2020
9286.42,12/06/2020
9892.13,11/06/2020
9775.15,10/06/2020
9782.59,09/06/2020
9753.85,08/06/2020
9670.43,07/06/2020
9623.75,06/06/2020
9794.56,05/06/2020
9658.04,04/06/2020
9525.57,03/06/2020
10204.23,02/06/2020
9450.84,01/06/2020
9698.1,31/05/2020
9425.98,30/05/2020
9569.21,29/05/2020
9197.54,28/05/2020
8842.85,27/05/2020
8899.66,26/05/2020
8730.73,25/05/2020
9178.32,24/05/2020
9167.26,23/05/2020
9057.57,22/05/2020
9510.67,21/05/2020
9785.74,20/05/2020
9719.37,19/05/2020
9669.4,18/05/2020
9385.7,17/05/2020
9303.59,16/05/2020
9790.31,15/05/2020
9305.93,14/05/2020
8814.53,13/05/2020
8617.25,12/05/2020
8754.46,11/05/2020
9527.39,10/05/2020
9821.8,09/05/2020
10002.48,08/05/2020
9170.79,07/05/2020
9030.96,06/05/2020
8885.93,05/05/2020
8903.95,04/05/2020
8973.82,03/05/2020
8824.66,02/05/2020
8628.77,01/05/2020
8777.63,30/04/2020
7765.33,29/04/2020
7790.66,28/04/2020
7699.27,27/04/2020
7549.52,26/04/2020
7507.08,25/04/2020
7477.6,24/04/2020
7130.99,23/04/2020
6852.52,22/04/2020
6840.24,21/04/2020
7130.04,20/04/2020
7259.36,19/04/2020
7034.89,18/04/2020
7112.27,17/04/2020
6623.8,16/04/2020
6871.95,15/04/2020
6857.66,14/04/2020
6915.37,13/04/2020
6891.6,12/04/2020
6873.24,11/04/2020
7293.69,10/04/2020
7365.03,09/04/2020
7205.55,08/04/2020
7343.2,07/04/2020
6777.44,06/04/2020
6871.69,05/04/2020
6741.67,04/04/2020
6809.11,03/04/2020
6652.87,02/04/2020
6428.28,01/04/2020
6405.29,31/03/2020
5885.41,30/03/2020
6260.95,29/03/2020
6369.09,28/03/2020
6763.75,27/03/2020
6698.46,26/03/2020
6768.49,25/03/2020
6502.16,24/03/2020
5822.62,23/03/2020
6189.85,22/03/2020
6226.44,21/03/2020
6195.2,20/03/2020
5410.23,19/03/2020
5357.61,18/03/2020
5026.35,17/03/2020
5348.44,16/03/2020
5166.26,15/03/2020
5609.03,14/03/2020
4830.21,13/03/2020
7936.65,12/03/2020
7885.46,11/03/2020
7931.94,10/03/2020
8039.38,09/03/2020
8898.63,08/03/2020
9155.89,07/03/2020
9067.39,06/03/2020
8758.9,05/03/2020
8754.34,04/03/2020
8912.82,03/03/2020
8912.82,02/03/2020
8534.17,01/03/2020
8712.35,29/02/2020
8804.72,28/02/2020
8785.52,27/02/2020
9309.15,26/02/2020
9663.75,25/02/2020
9989.39,24/02/2020
9669.63,23/02/2020
9696.58,22/02/2020
9606.86,21/02/2020
9604.72,20/02/2020
10180.65,19/02/2020
9703.93,18/02/2020
9937.67,17/02/2020
9904.17,16/02/2020
10368.53,15/02/2020
10242.43,14/02/2020
10354.3,13/02/2020
10275.38,12/02/2020
9854.79,11/02/2020
10162.41,10/02/2020
9907.12,09/02/2020
9807.54,08/02/2020
9755.66,07/02/2020
9614.9,06/02/2020
9162.14,05/02/2020
9162.14,04/02/2020
9314.56,03/02/2020
9378.09,02/02/2020
9333.77,01/02/2020
9502.37,31/01/2020
9279.81,30/01/2020
9385.69,29/01/2020
8895.78,28/01/2020
8588.42,27/01/2020
8327.36,26/01/2020
8428.17,25/01/2020
8388.11,24/01/2020
8658.94,23/01/2020
8722.26,22/01/2020
8626.47,21/01/2020
8703.36,20/01/2020
8910.85,19/01/2020
8900.34,18/01/2020
8722.03,17/01/2020
8813.89,16/01/2020
8842.42,15/01/2020
8105.24,14/01/2020
8173.97,13/01/2020
8021.49,12/01/2020
8184.66,11/01/2020
7817.92,10/01/2020
8042.65,09/01/2020
8165.47,08/01/2020
7759.24,07/01/2020
7351.57,06/01/2020
7347.89,05/01/2020
7326.35,04/01/2020
6944.33,03/01/2020
7175.68,02/01/2020
7168.31,01/01/2020
7219.6,31/12/2019
7385.36,30/12/2019
7301.07,29/12/2019
7243.93,28/12/2019
7194.4,27/12/2019
7192.72,26/12/2019
7250.69,25/12/2019
7322.08,24/12/2019
7514.41,23/12/2019
7143.2,22/12/2019
7190.17,21/12/2019
7150.86,20/12/2019
7284.29,19/12/2019
6612.12,18/12/2019
6879.54,17/12/2019
7111.14,16/12/2019
7067.74,15/12/2019
7251.87,14/12/2019
7189.16,13/12/2019
7202.31,12/12/2019
7220.76,11/12/2019
7337.42,10/12/2019
7522.39,09/12/2019
7504.83,08/12/2019
7547.19,07/12/2019
7395.97,06/12/2019
7192.85,05/12/2019
7296.77,04/12/2019
7309.59,03/12/2019
7402.69,02/12/2019
7557.72,01/12/2019
7757.47,30/11/2019
7431,29/11/2019
7523.83,28/11/2019
7163.63,27/11/2019
7130.25,26/11/2019
6907.4,25/11/2019
7324.03,24/11/2019
7286.35,23/11/2019
7617.07,22/11/2019
8081.81,21/11/2019
8120.8,20/11/2019
8175.99,19/11/2019
8503.93,18/11/2019
8482.7,17/11/2019
8457.69,16/11/2019
8632.32,15/11/2019
8762.42,14/11/2019
8801.52,13/11/2019
8717.81,12/11/2019
9037.12,11/11/2019
8809.41,10/11/2019
8766.04,09/11/2019
9204.24,08/11/2019
9343.34,07/11/2019
9310.19,06/11/2019
9418.05,05/11/2019
9206.16,04/11/2019
9301.18,03/11/2019
9252.99,02/11/2019
9147.98,01/11/2019
9164.62,31/10/2019
9433.35,30/10/2019
9218.76,29/10/2019
9551.54,28/10/2019
9259.8,27/10/2019
8666.79,26/10/2019
7431.88,25/10/2019
7469.56,24/10/2019
8026.76,23/10/2019
8222.52,22/10/2019
8231.06,21/10/2019
7960.04,20/10/2019
7954.15,19/10/2019
8076.78,18/10/2019
8002.51,17/10/2019
8162.16,16/10/2019
8353.54,15/10/2019
8283.76,14/10/2019
8308.01,13/10/2019
8269.73,12/10/2019
8586.9,11/10/2019
8587.92,10/10/2019
8190,09/10/2019
8212.02,08/10/2019
7869.74,07/10/2019
8147.69,06/10/2019
8155.48,05/10/2019
8236.17,04/10/2019
8382.03,03/10/2019
8322.92,02/10/2019
8307.74,01/10/2019
8056.74,30/09/2019
8225,29/09/2019
8193.9,28/09/2019
8055.64,27/09/2019
8432.23,26/09/2019
8553.61,25/09/2019
9683.38,24/09/2019
10033.05,23/09/2019
9979.49,22/09/2019
10173.11,21/09/2019
10275.88,20/09/2019
10157.59,19/09/2019
10190.36,18/09/2019
10265.63,17/09/2019
10310.43,16/09/2019
10361.33,15/09/2019
10363.9,14/09/2019
10420.16,13/09/2019
10159.32,12/09/2019
10101.03,11/09/2019
10313.66,10/09/2019
10406.31,09/09/2019
10487.21,08/09/2019
10317.47,07/09/2019
10577.8,06/09/2019
10584.16,05/09/2019
10621.29,04/09/2019
10386.64,03/09/2019
9769.79,02/09/2019
9600.9,01/09/2019
9577.99,31/08/2019
9484.55,30/08/2019
9717.82,29/08/2019
10171.95,28/08/2019
10360.28,27/08/2019
10135.06,26/08/2019
10143.8,25/08/2019
10405.81,24/08/2019
10111.98,23/08/2019
10129.4,22/08/2019
10760.56,21/08/2019
10917.26,20/08/2019
10317.6,19/08/2019
10214.52,18/08/2019
10359.44,17/08/2019
10302.17,16/08/2019
10016.96,15/08/2019
10858.12,14/08/2019
11386.26,13/08/2019
11566.84,12/08/2019
11282.22,11/08/2019
11856.64,10/08/2019
11996.41,09/08/2019
11960.82,08/08/2019
11465.67,07/08/2019
11787.99,06/08/2019
10980.23,05/08/2019
10814.57,04/08/2019
10529.55,03/08/2019
10407.17,02/08/2019
10084.7,01/08/2019
9589.13,31/07/2019
9501.33,30/07/2019
9530,29/07/2019
9473.99,28/07/2019
9848.65,27/07/2019
9875.17,26/07/2019
9772.17,25/07/2019
9844.3,24/07/2019
10323.62,23/07/2019
10587.41,22/07/2019
10764.9,21/07/2019
10535.75,20/07/2019
10638.56,19/07/2019
9674.28,18/07/2019
9397.72,17/07/2019
10873.5,16/07/2019
10186.96,15/07/2019
11389.1,14/07/2019
11803.97,13/07/2019
11352.87,12/07/2019
12099.9,11/07/2019
12586.78,10/07/2019
12313.08,09/07/2019
11477.01,08/07/2019
11232.04,07/07/2019
10955.16,06/07/2019
11160.49,05/07/2019
11984.76,04/07/2019
10805.4,03/07/2019
10578.72,02/07/2019
10737.73,01/07/2019
11890.38,30/06/2019
12374.35,29/06/2019
11132.85,28/06/2019
12932.55,27/06/2019
11766.4,26/06/2019
11017.5,25/06/2019
10814.48,24/06/2019
10668.63,23/06/2019
10209.38,22/06/2019
9531.35,21/06/2019
9281.7,20/06/2019
9076.18,19/06/2019
9327.48,18/06/2019
8978.99,17/06/2019
8859.47,16/06/2019
8693.6,15/06/2019
8237.88,14/06/2019
8173.06,13/06/2019
7917.58,12/06/2019
8020.38,11/06/2019
7640.61,10/06/2019
7931.34,09/06/2019
7998.29,08/06/2019
7803.23,07/06/2019
7786.04,06/06/2019
7675.8,05/06/2019
8134.92,04/06/2019
8739.03,03/06/2019
8554.8,02/06/2019
8553.81,01/06/2019
8272.46,31/05/2019
8662.98,30/05/2019
8719.88,29/05/2019
8770.06,28/05/2019
8744.42,27/05/2019
8071.45,26/05/2019
8003.26,25/05/2019
7880.29,24/05/2019
7625.93,23/05/2019
7952.5,22/05/2019
8007.03,21/05/2019
8193.7,20/05/2019
7265.05,19/05/2019
7362.22,18/05/2019
7885.96,17/05/2019
8206.9,16/05/2019
7992.69,15/05/2019
7823.11,14/05/2019
6978.63,13/05/2019
7248.31,12/05/2019
6348.02,11/05/2019
6146.91,10/05/2019
5936.72,09/05/2019
5755.72,08/05/2019
5684.47,07/05/2019
5717.66,06/05/2019
5771.08,05/05/2019
5657.14,04/05/2019
5390.16,03/05/2019
5326.67,02/05/2019
5269.79,01/05/2019
5260.65,30/04/2019
5301.29,29/04/2019
5280.19,28/04/2019
5292.83,27/04/2019
5195.61,26/04/2019
5434.19,25/04/2019
5518.16,24/04/2019
5377.19,23/04/2019
5281.83,22/04/2019
5309.28,21/04/2019
5277.04,20/04/2019
5276.31,19/04/2019
5220.37,18/04/2019
5196.65,17/04/2019
5036.18,16/04/2019
5152.51,15/04/2019
5064.62,14/04/2019
5072.85,13/04/2019
5035.02,12/04/2019
5310.18,11/04/2019
5175.81,10/04/2019
5268.71,09/04/2019
5189.39,08/04/2019
5053.52,07/04/2019
5028.77,06/04/2019
4911.24,05/04/2019
4959.81,04/04/2019
4882.88,03/04/2019
4152.53,02/04/2019
4114.16,01/04/2019
4114.44,31/03/2019
4115.55,30/03/2019
4037.37,29/03/2019
4048.51,28/03/2019
3947.74,27/03/2019
3935.89,26/03/2019
3994.11,25/03/2019
4011.92,24/03/2019
3999.06,23/03/2019
3992.34,22/03/2019
4056.4,21/03/2019
4029.11,20/03/2019
3998.77,19/03/2019
3994.92,18/03/2019
4015.95,17/03/2019
3936.5,16/03/2019
3885.21,15/03/2019
3877.77,14/03/2019
3892.51,13/03/2019
3881.09,12/03/2019
3928.17,11/03/2019
3950.56,10/03/2019
3875.96,09/03/2019
3886.82,08/03/2019
3876.85,07/03/2019
3872.25,06/03/2019
3730.98,05/03/2019
3814.58,04/03/2019
3831.44,03/03/2019
3834.62,02/03/2019
3850.08,01/03/2019
3833.23,28/02/2019
3831.45,27/02/2019
3848.33,26/02/2019
3766.89,25/02/2019
4139.6,24/02/2019
3983.48,23/02/2019
3944.88,22/02/2019
3987.18,21/02/2019
3926.53,20/02/2019
3910.8,19/02/2019
3670.74,18/02/2019
3619.55,17/02/2019
3608.2,16/02/2019
3600.31,15/02/2019
3614.5,14/02/2019
3632.42,13/02/2019
3629.47,12/02/2019
3686.29,11/02/2019
3664.38,10/02/2019
3661.08,09/02/2019
3394.76,08/02/2019
3405.7,07/02/2019
3467.34,06/02/2019
3452.35,05/02/2019
3456.02,04/02/2019
3506.22,03/02/2019
3475.33,02/02/2019
3444.81,01/02/2019
3470,31/01/2019
3421.6,30/01/2019
3448.58,29/01/2019
3554.5,28/01/2019
3576.3,27/01/2019
3577.79,26/01/2019
3586.25,25/01/2019
3566.4,24/01/2019
3587.35,23/01/2019
3540.02,22/01/2019
3548.4275,21/01/2019
3703.98,20/01/2019
3690.523333,19/01/2019
3632.395,18/01/2019
3621.43,17/01/2019
3621.270833,16/01/2019
3656.785,15/01/2019
3531.96,14/01/2019
3599.841667,13/01/2019
3646.345833,12/01/2019
3646.25,11/01/2019
3812.585833,10/01/2019
4034.138333,09/01/2019
4032.25,08/01/2019
4036.093333,07/01/2019
3920.456667,06/01/2019
3856.62,05/01/2019
3822.626667,04/01/2019
3865.7975,03/01/2019
3855.88,02/01/2019
3752.271667,01/01/2019
3791.545833,31/12/2018
3770.36,30/12/2018
3912.285833,29/12/2018
3743.905,28/12/2018
3848.21,27/12/2018
3825.379167,26/12/2018
3813.88,25/12/2018
3995.17,24/12/2018
4027.478333,23/12/2018
3910.973333,22/12/2018
4135.19,21/12/2018
3982.850833,20/12/2018
3808.0425,19/12/2018
3556.54,18/12/2018
3392.405,17/12/2018
3271.238333,16/12/2018
3242.42,15/12/2018
3278.374167,14/12/2018
3406.7625,13/12/2018
3407.28,12/12/2018
3426.19,11/12/2018
3523.96,10/12/2018
3453.66,09/12/2018
3435.34,08/12/2018
3405.643333,07/12/2018
3744.98,06/12/2018
3858.349167,05/12/2018
3961.493333,04/12/2018
4140.6,03/12/2018
4167.546667,02/12/2018
4116.7775,01/12/2018
4278.77,30/11/2018
4263.783333,29/11/2018
4103.453846,28/11/2018
3793.35,27/11/2018
3920.536667,26/11/2018
3823.511667,25/11/2018
4352.98,24/11/2018
4309.3375,23/11/2018
4548.7975,22/11/2018
4491.98,21/11/2018
4671.97,20/11/2018
5303.9425,19/11/2018
5572.44,18/11/2018
5558.243333,17/11/2018
5596.1925,16/11/2018
5756.77,15/11/2018
6176.155,14/11/2018
6372.063333,13/11/2018
6408.53,12/11/2018
6378.268333,11/11/2018
6399.033333,10/11/2018
6444.97,09/11/2018
6486.251667,08/11/2018
6538.79,07/11/2018
6437.76,06/11/2018
6436.965,05/11/2018
6391.873333,04/11/2018
6390.42,03/11/2018
6387.674167,02/11/2018
6342.280833,01/11/2018
6301.61,31/10/2018
6309.452857,30/10/2018
6382.668333,29/10/2018
6457.21,28/10/2018
6465.9175,27/10/2018
6473.753333,26/10/2018
6489.77,25/10/2018
6508.31,24/10/2018
6481.426,23/10/2018
6504.78,22/10/2018
6531.601667,21/10/2018
6488.825833,20/10/2018
6509.61,19/10/2018
6568.040769,18/10/2018
6596.276154,17/10/2018
6599.17,16/10/2018
6452.571667,15/10/2018
6299.399167,14/10/2018
6247,13/10/2018
6260.530833,12/10/2018
6248.635833,11/10/2018
6626.85,10/10/2018
6621.711667,09/10/2018
6618.567692,08/10/2018
6573.62,07/10/2018
6581.486667,06/10/2018
6568.549167,05/10/2018
6483.73,04/10/2018
6470.4025,03/10/2018
6562.641667,02/10/2018
6611.02,01/10/2018
6593.135,30/09/2018
6550.474167,29/09/2018
6686.08,28/09/2018
6535.476667,27/09/2018
6468.631667,26/09/2018
6583.45,25/09/2018
6639.304167,24/09/2018
6710.445,23/09/2018
6756.12,22/09/2018
6669.990833,21/09/2018
6418.562667,20/09/2018
6342.39,19/09/2018
6296.631667,18/09/2018
6400.600833,17/09/2018
6522.39,16/09/2018
6518.655,15/09/2018
6499.0625,14/09/2018
6326.04,13/09/2018
6273.1375,12/09/2018
6296.320833,11/09/2018
6240.98,10/09/2018
6286.425833,09/09/2018
6366.1075,08/09/2018
6501.19,07/09/2018
6433.271667,06/09/2018
7113.069231,05/09/2018
7265.08,04/09/2018
7260.949231,03/09/2018
7247.935385,02/09/2018
7018.78,01/09/2018
6981.946154,31/08/2018
6932.6625,30/08/2018
7078.19,29/08/2018
7000.04,28/08/2018
6719.266154,27/08/2018
6738.27,26/08/2018
6719.429231,25/08/2018
6543.645714,24/08/2018
6354.57,23/08/2018
6575.229167,22/08/2018
6401.246154,21/08/2018
6486.58,20/08/2018
6404.063333,19/08/2018
6436.720833,18/08/2018
6312.75,17/08/2018
6342.629231,16/08/2018
6362.676923,15/08/2018
6252.13,14/08/2018
6347.07,13/08/2018
6311.131667,12/08/2018
6138.96,11/08/2018
6396.494667,10/08/2018
6396.7725,09/08/2018
6718.23,08/08/2018
6993.513333,07/08/2018
6988.079167,06/08/2018
7011.28,05/08/2018
7247.769167,04/08/2018
7394.499167,03/08/2018
7607.7,02/08/2018
7570.869167,01/08/2018
7916.800833,31/07/2018
8220.91,30/07/2018
8206.341667,29/07/2018
8182.251667,28/07/2018
7939.81,27/07/2018
8187.324167,26/07/2018
8251.165,25/07/2018
7715.1,24/07/2018
7689.884167,23/07/2018
7451.289167,22/07/2018
7334.99,21/07/2018
7428.045,20/07/2018
7396.401667,19/07/2018
7321.62,18/07/2018
6869.910833,17/07/2018
6514.390833,16/07/2018
6248.84,15/07/2018
6241,14/07/2018
6244.3575,13/07/2018
6403.18,12/07/2018
6377.363333,11/07/2018
6510.791667,10/07/2018
6724.04,09/07/2018
6753.559167,08/07/2018
6594.281667,07/07/2018
6555.51,06/07/2018
6603.376667,05/07/2018
6593.289167,04/07/2018
6626.44,03/07/2018
6466.069167,02/07/2018
6374.754167,01/07/2018
6223.28,30/06/2018
5908.7025,29/06/2018
6107.896154,28/06/2018
6097.46,27/06/2018
6218.595,26/06/2018
6211.4475,25/06/2018
6170.46,24/06/2018
6141.605833,23/06/2018
6332.573333,22/06/2018
6760.83,21/06/2018
6714.718333,20/06/2018
6737,19/06/2018
6445.79,18/06/2018
6464.411667,17/06/2018
6509.426667,16/06/2018
6637.41,15/06/2018
6647.013333,14/06/2018
6315.7,13/06/2018
6879.31,12/06/2018
6875.678333,11/06/2018
6776.888333,10/06/2018
7615.54,09/06/2018
7620.153333,08/06/2018
7676.271667,07/06/2018
7619.43,06/06/2018
7615.722142,05/06/2018
7500.273333,04/06/2018
7637.14,03/06/2018
7645.146667,02/06/2018
7535.146667,01/06/2018
7386.72,31/05/2018
7385.395,30/05/2018
7459.876667,29/05/2018
7344.56,28/05/2018
7361.831667,27/05/2018
7342.908333,26/05/2018
7576.78,25/05/2018
7566.193333,24/05/2018
7555.74,23/05/2018
8396.63,22/05/2018
8385.556187,21/05/2018
8507.406667,20/05/2018
8239.08,19/05/2018
8240.055,18/05/2018
8106.118333,17/05/2018
8471.06,16/05/2018
8511.458,15/05/2018
8652.038333,14/05/2018
8463.52,13/05/2018
8484.346667,12/05/2018
8468.788,11/05/2018
9310.37,10/05/2018
9322.041667,09/05/2018
9228.608333,08/05/2018
9631.44,07/05/2018
9630.136277,06/05/2018
9803.306667,05/05/2018
9753.35,04/05/2018
9639.268333,03/05/2018
9221.426,02/05/2018
9239.55,01/05/2018
9259.57,30/04/2018
9334.281667,29/04/2018
8928.55,28/04/2018
9010.32,27/04/2018
9258.398333,26/04/2018
9658.11,25/04/2018
9555.542,24/04/2018
8933.861667,23/04/2018
8930.6,22/04/2018
8807.205,21/04/2018
8852.718333,20/04/2018
8175.96,19/04/2018
8164.937426,18/04/2018
7895.416926,17/04/2018
8368.1,16/04/2018
8340.748333,15/04/2018
8036.511051,14/04/2018
7941.46,13/04/2018
7847.845,12/04/2018
6926.266667,11/04/2018
6784.41,10/04/2018
6699.273333,09/04/2018
7017.656667,08/04/2018
6634.68,07/04/2018
6603.876667,06/04/2018
6826.51,05/04/2018
7426.48,04/04/2018
7410.435,03/04/2018
7035.848333,02/04/2018
6937.56,01/04/2018
6935.48,31/03/2018
6882.531667,30/03/2018
7950.61,29/03/2018
7960.38,28/03/2018
7876.195,27/03/2018
8457.96,26/03/2018
8617.296667,25/03/2018
8662.378333,24/03/2018
8725.37,23/03/2018
8690.408333,22/03/2018
8947.753333,21/03/2018
8605.64,20/03/2018
8412.033333,19/03/2018
8171.415,18/03/2018
8297.89,17/03/2018
8530.402,16/03/2018
8358.121667,15/03/2018
9153.54,14/03/2018
9154.7,13/03/2018
9182.843333,12/03/2018
8777.37,11/03/2018
8746.002,10/03/2018
9089.278333,09/03/2018
9920.46,08/03/2018
10118.058,07/03/2018
10763.19833,06/03/2018
11516.83,05/03/2018
11430.18167,04/03/2018
11326.94833,03/03/2018
10931.12,02/03/2018
11009.38167,01/03/2018
10370.165,28/02/2018
10319.46,27/02/2018
10348.60333,26/02/2018
9696.593333,25/02/2018
10171.3,24/02/2018
10162.11667,23/02/2018
9931.071667,22/02/2018
11245.98,21/02/2018
11390.39167,20/02/2018
11110.965,19/02/2018
11085.83,18/02/2018
10841.99167,17/02/2018
10127.16167,16/02/2018
9471.64,15/02/2018
9334.633333,14/02/2018
8597.7675,13/02/2018
8068.02,12/02/2018
8343.455,11/02/2018
8319.876566,10/02/2018
8245.08,09/02/2018
8240.536667,08/02/2018
8099.958333,07/02/2018
6925.46,06/02/2018
6838.816667,05/02/2018
8400.648333,04/02/2018
8852.73,03/02/2018
8901.901667,02/02/2018
9083.258333,01/02/2018
10082.52,31/01/2018
10184.06167,30/01/2018
11212.655,29/01/2018
11431.37,28/01/2018
11524.77667,27/01/2018
10969.815,26/01/2018
11392.03,25/01/2018
11282.25833,24/01/2018
11223.064,23/01/2018
11513.42,22/01/2018
11505.228,21/01/2018
12950.79333,20/01/2018
11174.82,19/01/2018
11345.42333,18/01/2018
11116.94667,17/01/2018
13554.14,16/01/2018
14012.196,15/01/2018
13852.92,14/01/2018
13791.19,13/01/2018
13912.882,12/01/2018
13296.794,11/01/2018
14437.42,10/01/2018
14714.25333,09/01/2018
15265.90667,08/01/2018
17155.95,07/01/2018
17319.198,06/01/2018
17174.12,05/01/2018
15039.24,04/01/2018
15053.26167,03/01/2018
15005.85667,02/01/2018
13796,01/01/2018
14165.575,31/12/2017
13215.574,30/12/2017
14214.01,29/12/2017
14380.58167,28/12/2017
15589.32167,27/12/2017
13740.94,26/12/2017
14119.02833,25/12/2017
13949.175,24/12/2017
13776.61,23/12/2017
15190.945,22/12/2017
16047.51,21/12/2017
17382.94,20/12/2017
17737.11167,19/12/2017
18961.85667,18/12/2017
19279.9,17/12/2017
19498.68333,16/12/2017
17771.9,15/12/2017
16252.31,14/12/2017
16808.36667,13/12/2017
17276.39333,12/12/2017
15068.95,11/12/2017
14869.805,10/12/2017
15142.83415,09/12/2017
16860.88,08/12/2017
16501.97167,07/12/2017
13540.98,06/12/2017
11591.22,05/12/2017
11584.83,04/12/2017
11332.622,03/12/2017
10879.88,02/12/2017
10883.912,01/12/2017
10147.372,30/11/2017
9919,29/11/2017
9952.50882,28/11/2017
9718.29505,27/11/2017
8768.8,26/11/2017
8707.407267,25/11/2017
8250.978333,24/11/2017
8236.72,23/11/2017
8268.035,22/11/2017
8059.8,21/11/2017
8049.72,20/11/2017
8007.654067,19/11/2017
7817.140383,18/11/2017
7868.77,17/11/2017
7815.0307,16/11/2017
7301.42992,15/11/2017
6493.63,14/11/2017
6550.227533,13/11/2017
5716.301583,12/11/2017
6569.22,11/11/2017
6719.39785,10/11/2017
7158.03706,09/11/2017
7128.64,08/11/2017
7092.127233,07/11/2017
6989.071667,06/11/2017
7365.99,05/11/2017
7437.543317,04/11/2017
7197.72006,03/11/2017
6751.98,02/11/2017
6665.306683,01/11/2017
6388.645167,31/10/2017
6136.49,30/10/2017
6155.43402,29/10/2017
5776.69695,28/10/2017
5889.82,27/10/2017
5893.138417,26/10/2017
5669.622533,25/10/2017
5900.59,24/10/2017
5876.079867,23/10/2017
5983.18455,22/10/2017
5986.44,21/10/2017
5979.45984,20/10/2017
5727.6335,19/10/2017
5594.66,18/10/2017
5603.71294,17/10/2017
5711.205867,16/10/2017
5825.99,15/10/2017
5739.438733,14/10/2017
5563.806567,13/10/2017
4822.17,12/10/2017
4819.485767,11/10/2017
4782.28,10/10/2017
4605.66,09/10/2017
4602.280883,08/10/2017
4376.191667,07/10/2017
4318.58,06/10/2017
4338.852,05/10/2017
4225.175,04/10/2017
4394.07,03/10/2017
4386.88375,02/10/2017
4360.722967,01/10/2017
4164.27,30/09/2017
4193.574667,29/09/2017
4201.98905,28/09/2017
3881,27/09/2017
3910.307383,26/09/2017
3942.555,25/09/2017
3777.62,24/09/2017
3776.3869,23/09/2017
3637.50255,22/09/2017
3894.48,21/09/2017
3977.561667,20/09/2017
3943.413333,19/09/2017
3678.53,18/09/2017
3746.060783,17/09/2017
3763.62604,16/09/2017
3216.43,15/09/2017
3319.63,14/09/2017
3961.271267,13/09/2017
4198.59,12/09/2017
4248.090017,11/09/2017
4329.955,10/09/2017
4312.26,09/09/2017
4310.750183,08/09/2017
4654.6585,07/09/2017
4385.02,06/09/2017
4488.72014,05/09/2017
4344.098317,04/09/2017
4585.57,03/09/2017
4580.38748,02/09/2017
4911.740017,01/09/2017
4582.52,31/08/2017
4594.98785,30/08/2017
4607.98545,29/08/2017
4339.05,28/08/2017
4354.308333,27/08/2017
4360.513317,26/08/2017
4331.77,25/08/2017
4340.316717,24/08/2017
4174.95,23/08/2017
3986.28,22/08/2017
4043.722,21/08/2017
4157.958033,20/08/2017
4104.71,19/08/2017
4130.440067,18/08/2017
4328.725717,17/08/2017
4179.97,16/08/2017
4217.028329,15/08/2017
4282.992,14/08/2017
3868.52,13/08/2017
3852.802914,12/08/2017
3632.506667,11/08/2017
3340.28,10/08/2017
3357.326317,09/08/2017
3457.374333,08/08/2017
3210.2,07/08/2017
3252.562533,06/08/2017
3218.115017,05/08/2017
2790,04/08/2017
2794.117717,03/08/2017
2693.633983,02/08/2017
2862.9,01/08/2017
2866.431667,31/07/2017
2745.955417,30/07/2017
2784.8,29/07/2017
2781.636583,28/07/2017
2647.625,27/07/2017
2564.3,26/07/2017
2560.997917,25/07/2017
2751.821029,24/07/2017
2825.51,23/07/2017
2807.609857,22/07/2017
2682.195363,21/07/2017
2265.21,20/07/2017
2264.7657,19/07/2017
2320.12225,18/07/2017
1910.96,17/07/2017
1931.2143,16/07/2017
2058.9956,15/07/2017
2338.49,14/07/2017
2354.783417,13/07/2017
2385.748571,12/07/2017
2327.09,11/07/2017
2366.170143,10/07/2017
2536.238938,09/07/2017
2502.86,08/07/2017
2491.201214,07/07/2017
2609.96775,06/07/2017
2598.89,05/07/2017
2599.729838,04/07/2017
2561.225429,03/07/2017
2421.26,02/07/2017
2501.191343,01/07/2017
2477.641375,30/06/2017
2558.3,29/06/2017
2585.349186,28/06/2017
2517.903114,27/06/2017
2502.03,26/06/2017
2512.366286,25/06/2017
2589.164888,24/06/2017
2713.48,23/06/2017
2727.288013,22/06/2017
2671.04325,21/06/2017
2600,20/06/2017
2617.210263,19/06/2017
2507.389252,18/06/2017
2477.94,17/06/2017
2464.959814,16/06/2017
2442.48025,15/06/2017
2706,14/06/2017
2748.185086,13/06/2017
2657.675063,12/06/2017
2898.63,11/06/2017
2845.372857,10/06/2017
2827.4913,09/06/2017
2683.03,08/06/2017
2664.920863,07/06/2017
2883.313697,06/06/2017
2529.53,05/06/2017
2516.173143,04/06/2017
2525.765158,03/06/2017
2409.93,02/06/2017
2399.242671,01/06/2017
2285.933914,31/05/2017
2290.02,30/05/2017
2275.9307,29/05/2017
2192.9808,28/05/2017
2279.82,27/05/2017
2211.976857,26/05/2017
2387.206286,25/05/2017
2256.32,24/05/2017
2287.710288,23/05/2017
2090.662313,22/05/2017
2008.84,21/05/2017
2052.909788,20/05/2017
1961.520488,19/05/2017
1783.98,18/05/2017
1807.485063,17/05/2017
1739.031975,16/05/2017
1780,15/05/2017
1776.3165,14/05/2017
1771.920013,13/05/2017
1829,12/05/2017
1820.990563,11/05/2017
1762.88625,10/05/2017
1651.1,09/05/2017
1640.619225,08/05/2017
1535.868429,07/05/2017
1518.75,06/05/2017
1533.335071,05/05/2017
1508.292125,04/05/2017
1447.55,03/05/2017
1452.076288,02/05/2017
1417.172813,01/05/2017
1333,30/04/2017
1334.979038,29/04/2017
1331.294429,28/04/2017
1288.02,27/04/2017
1309.109875,26/04/2017
1279.414688,25/04/2017
1240.84,24/04/2017
1257.988113,23/04/2017
1261.311225,22/04/2017
1236.63,21/04/2017
1241.686325,20/04/2017
1217.930088,19/04/2017
1176.97,18/04/2017
1205.634875,17/04/2017
1186.927413,16/04/2017
1170.36,15/04/2017
1185.260057,14/04/2017
1180.023713,13/04/2017
1219.09,12/04/2017
1226.617038,11/04/2017
1207.744875,10/04/2017
1184.03,09/04/2017
1181.149838,08/04/2017
1190.45425,07/04/2017
1133.53,06/04/2017
1133.079314,05/04/2017
1141.600363,04/04/2017
1079.99,03/04/2017
1099.169125,02/04/2017
1086.929571,01/04/2017
1034.74,31/03/2017
1037.90455,30/03/2017
1040.5755,29/03/2017
1041.04,28/03/2017
1037.22925,27/03/2017
956.7863125,26/03/2017
927.93,25/03/2017
941.9197143,24/03/2017
1038.789,23/03/2017
1113,22/03/2017
1118.630043,21/03/2017
1049.084488,20/03/2017
967.69,19/03/2017
952.2323625,18/03/2017
1091.171888,17/03/2017
1257,16/03/2017
1257.399625,15/03/2017
1245.370786,14/03/2017
1227.68,13/03/2017
1227.494625,12/03/2017
1179.159875,11/03/2017
1192.09,10/03/2017
1192.469143,09/03/2017
1157.3933,08/03/2017
1279.5,07/03/2017
1275.197375,06/03/2017
1270.9333,05/03/2017
1287,04/03/2017
1285.14,03/03/2017
1259.410817,02/03/2017
1190.89,01/03/2017
1187.565286,28/02/2017
1190.75195,27/02/2017
1150.37,26/02/2017
1150.605714,25/02/2017
1174.86625,24/02/2017
1130.01,23/02/2017
1123.223188,22/02/2017
1123.788429,21/02/2017
1050.87,20/02/2017
1052.779286,19/02/2017
1056.637138,18/02/2017
1035.2,17/02/2017
1035.208125,16/02/2017
1012.325988,15/02/2017
1001.2,14/02/2017
999.877375,13/02/2017
1000.604625,12/02/2017
997.59,11/02/2017
999.1035,10/02/2017
976.103,09/02/2017
1052.84,08/02/2017
1050.11,07/02/2017
1024.01375,06/02/2017
1034.07,05/02/2017
1030.999413,04/02/2017
1013.027,03/02/2017
983.42,02/02/2017
979.703875,01/02/2017
964.706075,31/01/2017
912.19,30/01/2017
915.933,29/01/2017
920.31225,28/01/2017
915.05,27/01/2017
915.95625,26/01/2017
893.045625,25/01/2017
919.97,24/01/2017
922.0736125,23/01/2017
918.603625,22/01/2017
895.64,21/01/2017
893.6210875,20/01/2017
895.798875,19/01/2017
906.6,18/01/2017
903.84,17/01/2017
830.5,16/01/2017
819.55,15/01/2017
817.91,14/01/2017
826.29,13/01/2017
780.92,12/01/2017
785.22,11/01/2017
906.05,10/01/2017
910.49,09/01/2017
908.14,08/01/2017
896.83,07/01/2017
999.65,06/01/2017
994.67,05/01/2017
1126.76,04/01/2017
1013.42,03/01/2017
1015.97,02/01/2017
997.72,01/01/2017
958.12,31/12/2016
952.15,30/12/2016
963.38,29/12/2016
930.34,28/12/2016
930.37,27/12/2016
897.33,26/12/2016
892.6,25/12/2016
891.61,24/12/2016
901.31,23/12/2016
834.97,22/12/2016
824.21,21/12/2016
793.09,20/12/2016
788.67,19/12/2016
788.4,18/12/2016
788.7,17/12/2016
775.88,16/12/2016
776.75,15/12/2016
774.89,14/12/2016
777.99,13/12/2016
777,12/12/2016
777,11/12/2016
769.08,10/12/2016
770.02,09/12/2016
769.72,08/12/2016
758.99,07/12/2016
756.62,06/12/2016
754.63,05/12/2016
762.97,04/12/2016
764.33,03/12/2016
772.43,02/12/2016
742.05,01/12/2016
742.69,30/11/2016
732.71,29/11/2016
727.31,28/11/2016
727.96,27/11/2016
733.67,26/11/2016
735.64,25/11/2016
737.45,24/11/2016
741.63,23/11/2016
736.97,22/11/2016
738.53,21/11/2016
729.06,20/11/2016
748.98,19/11/2016
747.52,18/11/2016
736.96,17/11/2016
711.73,16/11/2016
710.91,15/11/2016
706.46,14/11/2016
702.28,13/11/2016
703.71,12/11/2016
715.45,11/11/2016
721.5,10/11/2016
720.93,09/11/2016
708.97,08/11/2016
709.96,07/11/2016
712,06/11/2016
704.79,05/11/2016
683.69,04/11/2016
686.17,03/11/2016
733.33,02/11/2016
697.01,01/11/2016
702,31/10/2016
698,30/10/2016
685.91,29/10/2016
687.68,28/10/2016
682.22,27/10/2016
651.45,26/10/2016
655.31,25/10/2016
651.39,24/10/2016
653.25,23/10/2016
655.48,22/10/2016
631.92,21/10/2016
627.72,20/10/2016
629.25,19/10/2016
636.29,18/10/2016
638.97,17/10/2016
641.42,16/10/2016
637.94,15/10/2016
634.02,14/10/2016
635.96,13/10/2016
635.01,12/10/2016
614.77,11/10/2016
617.54,10/10/2016
615.65,09/10/2016
614.74,08/10/2016
617.21,07/10/2016
612.08,06/10/2016
607.18,05/10/2016
609.62,04/10/2016
611.85,03/10/2016
612.98,02/10/2016
614.82,01/10/2016
609.39,30/09/2016
603.85,29/09/2016
605.67,28/09/2016
605.96,27/09/2016
598.98,26/09/2016
601.74,25/09/2016
603.88,24/09/2016
594.08,23/09/2016
597.42,22/09/2016
598.88,21/09/2016
608.66,20/09/2016
610.19,19/09/2016
611.58,18/09/2016
607.04,17/09/2016
609.11,16/09/2016
610.38,15/09/2016
608.82,14/09/2016
610.92,13/09/2016
609.67,12/09/2016
621.65,11/09/2016
625.76,10/09/2016
625.07,09/09/2016
615.33,08/09/2016
614.46,07/09/2016
611.09,06/09/2016
603.95,05/09/2016
610.59,04/09/2016
600.88,03/09/2016
571,02/09/2016
572.81,01/09/2016
574.82,31/08/2016
571.5,30/08/2016
575.22,29/08/2016
576.53,28/08/2016
577.77,27/08/2016
581.07,26/08/2016
579.86,25/08/2016
581.98,24/08/2016
586.18,23/08/2016
588.97,22/08/2016
577.52,21/08/2016
583.2,20/08/2016
576.65,19/08/2016
570.92,18/08/2016
575.51,17/08/2016
581.11,16/08/2016
567.34,15/08/2016
570.97,14/08/2016
586.43,13/08/2016
586.01,12/08/2016
589.24,11/08/2016
592.18,10/08/2016
591.69,09/08/2016
592.69,08/08/2016
594.27,07/08/2016
572.72,06/08/2016
576.55,05/08/2016
577.31,04/08/2016
530.74,03/08/2016
515.06,02/08/2016
606.32,01/08/2016
654.68,31/07/2016
654.73,30/07/2016
656.88,29/07/2016
655.37,28/07/2016
654.98,27/07/2016
655.06,26/07/2016
661.48,25/07/2016
661.41,24/07/2016
655.84,23/07/2016
664,22/07/2016
664.88,21/07/2016
665.64,20/07/2016
673.46,19/07/2016
673.2,18/07/2016
675.45,17/07/2016
663.19,16/07/2016
664.57,15/07/2016
658.83,14/07/2016
664.5,13/07/2016
672.76,12/07/2016
647.98,11/07/2016
647.41,10/07/2016
651.86,09/07/2016
659.55,08/07/2016
673.76,07/07/2016
673.78,06/07/2016
666.48,05/07/2016
656.97,04/07/2016
658.41,03/07/2016
701.71,02/07/2016
667.95,01/07/2016
671.4,30/06/2016
637.95,29/06/2016
651.85,28/06/2016
646.7,27/06/2016
627.39,26/06/2016
665,25/06/2016
660.6,24/06/2016
624.54,23/06/2016
664.46,22/06/2016
665.95,21/06/2016
729.19,20/06/2016
751.96,19/06/2016
754.36,18/06/2016
743.91,17/06/2016
693.88,16/06/2016
692.28,15/06/2016
685.24,14/06/2016
665.85,13/06/2016
664.8465,12/06/2016
594.4399875,11/06/2016
574.32,10/06/2016
575.2941375,09/06/2016
578.68,08/06/2016
583.72,07/06/2016
584.5,06/06/2016
574.02,05/06/2016
567.88,04/06/2016
568,03/06/2016
539.99,02/06/2016
531.97,01/06/2016
531.15,31/05/2016
525.15,30/05/2016
526.64,29/05/2016
522.43,28/05/2016
470.29,27/05/2016
448.7,26/05/2016
447.94,25/05/2016
445.34,24/05/2016
438.47,23/05/2016
438,22/05/2016
443.89,21/05/2016
436.05,20/05/2016
441.87,19/05/2016
452.9,18/05/2016
454,17/05/2016
454.88,16/05/2016
457.08,15/05/2016
455.82,14/05/2016
456.82,13/05/2016
454.7,12/05/2016
450.78,11/05/2016
450,10/05/2016
461.63,09/05/2016
459.02,08/05/2016
459.04,07/05/2016
460.91,06/05/2016
446.84,05/05/2016
447.37,04/05/2016
450.96,03/05/2016
453,02/05/2016
451.9,01/05/2016
447.17,30/04/2016
449.98,29/04/2016
450,28/04/2016
447.31,27/04/2016
462.5,26/04/2016
463.86,25/04/2016
459.4,24/04/2016
447.7,23/04/2016
447.25,22/04/2016
451,21/04/2016
435.95,20/04/2016
435.91,19/04/2016
427.28,18/04/2016
430.58,17/04/2016
429.43,16/04/2016
429.09,15/04/2016
423.87,14/04/2016
424.61,13/04/2016
425.89,12/04/2016
420.75,11/04/2016
421.63,10/04/2016
417.73,09/04/2016
419.95,08/04/2016
420.33,07/04/2016
421.09,06/04/2016
419.71,05/04/2016
418.99,04/04/2016
418.07,03/04/2016
416.31,02/04/2016
416.25,01/04/2016
416.94,31/03/2016
415.83,30/03/2016
414,29/03/2016
422.96,28/03/2016
416.96,27/03/2016
415.71,26/03/2016
416.44,25/03/2016
417.96,24/03/2016
417.8,23/03/2016
415.35,22/03/2016
411.81,21/03/2016
410.77,20/03/2016
405.59,19/03/2016
418.49,18/03/2016
418.64,17/03/2016
415.99,16/03/2016
414.99,15/03/2016
414.78,14/03/2016
413.89,13/03/2016
420.11,12/03/2016
421.22,11/03/2016
416,10/03/2016
412.15,09/03/2016
412.39,08/03/2016
411.94,07/03/2016
399.17,06/03/2016
401,05/03/2016
416.48,04/03/2016
422.5,03/03/2016
429.99,02/03/2016
431.87,01/03/2016
431.89,29/02/2016
433.47,28/02/2016
432,27/02/2016
423.46,26/02/2016
421.4,25/02/2016
423.1,24/02/2016
436.76,23/02/2016
438.5,22/02/2016
434.67,21/02/2016
419.98,20/02/2016
418.02,19/02/2016
418.97,18/02/2016
407,17/02/2016
406.69,16/02/2016
402.64,15/02/2016
389.88,14/02/2016
388.6,13/02/2016
381.46,12/02/2016
379.14,11/02/2016
378.98,10/02/2016
372.61,09/02/2016
375,08/02/2016
373.74,07/02/2016
373.04,06/02/2016
388,05/02/2016
385.06,04/02/2016
368.38,03/02/2016
371.99,02/02/2016
372,01/02/2016
376.86,31/01/2016
378.18,30/01/2016
377.26,29/01/2016
382.44,28/01/2016
391.66,27/01/2016
394.12,26/01/2016
387.09,25/01/2016
385.09,24/01/2016
388.5,23/01/2016
385.7,22/01/2016
420.35,21/01/2016
408.33,20/01/2016
378.66,19/01/2016
380.16,18/01/2016
385.45,17/01/2016
370.4,16/01/2016
429.55,15/01/2016
431.9,14/01/2016
429.57,13/01/2016
447.98,12/01/2016
447.11,11/01/2016
446.24,10/01/2016
452.64,09/01/2016
447.04,08/01/2016
453.71,07/01/2016
432.43,06/01/2016
431.9,05/01/2016
433,04/01/2016
432.76,03/01/2016
433.94,02/01/2016
432.33,01/01/2016
428.23,31/12/2015
428,30/12/2015
431.13,29/12/2015
422.42,28/12/2015
418.46,27/12/2015
417.99,26/12/2015
456,25/12/2015
453.95,24/12/2015
441.4,23/12/2015
438.35,22/12/2015
438.7,21/12/2015
434.98,20/12/2015
463,19/12/2015
458.95,18/12/2015
453.39,17/12/2015
463.98,16/12/2015
459.48,15/12/2015
445.6,14/12/2015
436.2,13/12/2015
426.06,12/12/2015
444.29,11/12/2015
416.49,10/12/2015
414.01,09/12/2015
394.99,08/12/2015
387.3,07/12/2015
390.04,06/12/2015
390.04,05/12/2015
361.47,04/12/2015
362.49,03/12/2015
360.98,02/12/2015
377.27,01/12/2015
372.53,30/11/2015
363.98,29/11/2015
358,28/11/2015
359.54,27/11/2015
348,26/11/2015
319.64,25/11/2015
321.1,24/11/2015
324.49,23/11/2015
326.31,22/11/2015
325.56,21/11/2015
320.62,20/11/2015
333.66,19/11/2015
334.46,18/11/2015
335.95,17/11/2015
318.97,16/11/2015
322.33,15/11/2015
331.9,14/11/2015
340.81,13/11/2015
331.6,12/11/2015
309.9,11/11/2015
380.62,10/11/2015
378.8,09/11/2015
381.51,08/11/2015
373.69,07/11/2015
388.38,06/11/2015
400,05/11/2015
404.5,04/11/2015
409,03/11/2015
340.69,02/11/2015
310.18,01/11/2015
310.92,31/10/2015
329.2,30/10/2015
304.79,29/10/2015
298.95,28/10/2015
294.73,27/10/2015
282.8,26/10/2015
295.01,25/10/2015
279.9,24/10/2015
274.35,23/10/2015
273.95,22/10/2015
269.1,21/10/2015
263.59,20/10/2015
264.16,19/10/2015
262.44,18/10/2015
262.26,17/10/2015
269.07,16/10/2015
262.31,15/10/2015
249.98,14/10/2015
254.6,13/10/2015
249.58,12/10/2015
245.72,11/10/2015
248.08,10/10/2015
245.79,09/10/2015
243.01,08/10/2015
243.91,07/10/2015
245.25,06/10/2015
238.4,05/10/2015
239.22,04/10/2015
239.47,03/10/2015
238.03,02/10/2015
237.78,01/10/2015
238.98,30/09/2015
239.14,29/09/2015
237.68,28/09/2015
238.94,27/09/2015
235.22,26/09/2015
235.79,25/09/2015
233.9,24/09/2015
230.42,23/09/2015
229.43,22/09/2015
226.56,21/09/2015
230.25,20/09/2015
230.71,19/09/2015
232.99,18/09/2015
228.33,17/09/2015
227.86,16/09/2015
230,15/09/2015
230,14/09/2015
229.86,13/09/2015
235.13,12/09/2015
238.81,11/09/2015
239.68,10/09/2015
240.08,09/09/2015
240.47,08/09/2015
241.31,07/09/2015
240.2,06/09/2015
230.73,05/09/2015
230.8,04/09/2015
227.42,03/09/2015
227.97,02/09/2015
228.32,01/09/2015
230.94,31/08/2015
229.63,30/08/2015
228.22,29/08/2015
234.17,28/08/2015
225.04,27/08/2015
228.84,26/08/2015
222.02,25/08/2015
228.14,24/08/2015
228.68,23/08/2015
226.04,22/08/2015
235.31,21/08/2015
233.23,20/08/2015
233.29,19/08/2015
256.66,18/08/2015
257.45,17/08/2015
257.47,16/08/2015
265.93,15/08/2015
265.41,14/08/2015
266.99,13/08/2015
270.98,12/08/2015
267.89,11/08/2015
265.85,10/08/2015
262.22,09/08/2015
265.42,08/08/2015
269.89,07/08/2015
281,06/08/2015
277.1,05/08/2015
282.69,04/08/2015
282.26,03/08/2015
284.39,02/08/2015
280.69,01/08/2015
288.45,31/07/2015
284.78,30/07/2015
287.56,29/07/2015
293.93,28/07/2015
295.24,27/07/2015
290.79,26/07/2015
289,25/07/2015
287.12,24/07/2015
287.3,23/07/2015
276.76,22/07/2015
277.54,21/07/2015
278.97,20/07/2015
276.74,19/07/2015
276.09,18/07/2015
278.08,17/07/2015
285.66,16/07/2015
275.76,15/07/2015
290.95,14/07/2015
310.55,13/07/2015
289.9,12/07/2015
309.3,11/07/2015
269,10/07/2015
286.98,09/07/2015
270.68,08/07/2015
268.53,07/07/2015
267.26,06/07/2015
273.37,05/07/2015
256.12,04/07/2015
257.92,03/07/2015
255.1,02/07/2015
262.43,01/07/2015
257.85,30/06/2015
262.53,29/06/2015
251.21,28/06/2015
248.76,27/06/2015
248.5,26/06/2015
240.2,25/06/2015
241.92,24/06/2015
240.64,23/06/2015
243.55,22/06/2015
246.35,21/06/2015
242.47,20/06/2015
248.26,19/06/2015
246.45,18/06/2015
248.25,17/06/2015
236,16/06/2015
245.35,15/06/2015
236.46,14/06/2015
229.6,13/06/2015
230.22,12/06/2015
229.98,11/06/2015
228.88,10/06/2015
228.01,09/06/2015
230.1,08/06/2015
224.99,07/06/2015
222.6,06/06/2015
224.49,05/06/2015
225.4,04/06/2015
225.54,03/06/2015
226.29,02/06/2015
228.34,01/06/2015
222.4,31/05/2015
231.95,30/05/2015
236.44,29/05/2015
235.87,28/05/2015
236.48,27/05/2015
235.59,26/05/2015
235.94,25/05/2015
235.65,24/05/2015
238.8,23/05/2015
238.77,22/05/2015
240.5,21/05/2015
231.4,20/05/2015
234.6,19/05/2015
232.04,18/05/2015
236.63,17/05/2015
235.78,16/05/2015
236.63,15/05/2015
235.97,14/05/2015
238.32,13/05/2015
242.72,12/05/2015
239.11,11/05/2015
244.19,10/05/2015
239.35,09/05/2015
237.16,08/05/2015
244.72,07/05/2015
233.99,06/05/2015
238.25,05/05/2015
234.66,04/05/2015
236.17,03/05/2015
230.97,02/05/2015
234.13,01/05/2015
233.43,30/04/2015
225.2,29/04/2015
225.69,28/04/2015
222.66,27/04/2015
226.29,26/04/2015
218.42,25/04/2015
228.6,24/04/2015
233.59,23/04/2015
235.48,22/04/2015
237.34,21/04/2015
222.61,20/04/2015
224.63,19/04/2015
225.72,18/04/2015
227.5,17/04/2015
222.67,16/04/2015
229.62,15/04/2015
223.01,14/04/2015
216,13/04/2015
225.99,12/04/2015
236,11/04/2015
236.7,10/04/2015
235.71,09/04/2015
253.9,08/04/2015
245.89,07/04/2015
255.48,06/04/2015
253.67,05/04/2015
257.03,04/04/2015
253.77,03/04/2015
246.49,02/04/2015
252.44,01/04/2015
242.7,31/03/2015
242.34,30/03/2015
245.18,29/03/2015
244.05,28/03/2015
249.23,27/03/2015
248.63,26/03/2015
251.98,25/03/2015
265.99,24/03/2015
247.83,23/03/2015
266.07,22/03/2015
262.1,21/03/2015
257.83,20/03/2015
259.8,19/03/2015
284.48,18/03/2015
265.85,17/03/2015
287.02,16/03/2015
282.2,15/03/2015
283.57,14/03/2015
284.21,13/03/2015
296.56,12/03/2015
297.39,11/03/2015
293.29,10/03/2015
275,09/03/2015
287.48,08/03/2015
273.87,07/03/2015
273.11,06/03/2015
272.12,05/03/2015
265.63,04/03/2015
275.87,03/03/2015
275.8,02/03/2015
263.81,01/03/2015
252.11,28/02/2015
252.98,27/02/2015
254,26/02/2015
239.94,25/02/2015
238.59,24/02/2015
240.1,23/02/2015
245.41,22/02/2015
236,21/02/2015
245.66,20/02/2015
237.44,19/02/2015
241.59,18/02/2015
234.87,17/02/2015
234.18,16/02/2015
235.86,15/02/2015
243.99,14/02/2015
222.33,13/02/2015
239.94,12/02/2015
221.83,11/02/2015
219.93,10/02/2015
220.16,09/02/2015
220.39,08/02/2015
222.36,07/02/2015
225.16,06/02/2015
220.47,05/02/2015
227.53,04/02/2015
222.56,03/02/2015
236.51,02/02/2015
219.25,01/02/2015
220.72,31/01/2015
229.7,30/01/2015
236.2,29/01/2015
233.19,28/01/2015
249.25,27/01/2015
254.32,26/01/2015
271.47,25/01/2015
247.11,24/01/2015
233.51,23/01/2015
233.03,22/01/2015
233.9,21/01/2015
216.01,20/01/2015
212.99,19/01/2015
212.39,18/01/2015
208.13,17/01/2015
197.12,16/01/2015
205.35,15/01/2015
222,14/01/2015
176.5,13/01/2015
230.89,12/01/2015
275.97,11/01/2015
272.25,10/01/2015
278,09/01/2015
297.99,08/01/2015
276.8,07/01/2015
276.8,06/01/2015
263.17,05/01/2015
276.8,04/01/2015
270.93,03/01/2015
314.81,02/01/2015
316.15,01/01/2015
315.7,31/12/2014
313.4,30/12/2014
313.09,29/12/2014
314.49,28/12/2014
329.94,27/12/2014
314.45,26/12/2014
328.09,25/12/2014
336.95,24/12/2014
327.59,23/12/2014
336.96,22/12/2014
331.52,21/12/2014
326.93,20/12/2014
325.7,19/12/2014
321.34,18/12/2014
317.7,17/12/2014
318.2,16/12/2014
357.8,15/12/2014
352.15,14/12/2014
353.28,13/12/2014
348.97,12/12/2014
355.08,11/12/2014
356.1,10/12/2014
362.99,09/12/2014
350.29,08/12/2014
367.01,07/12/2014
376,06/12/2014
374.05,05/12/2014
373.98,04/12/2014
379.62,03/12/2014
378.25,02/12/2014
381.93,01/12/2014
375.59,30/11/2014
375.96,29/11/2014
377.22,28/11/2014
366.86,27/11/2014
372.62,26/11/2014
371.44,25/11/2014
367.12,24/11/2014
384,23/11/2014
362.99,22/11/2014
356.47,21/11/2014
356.9,20/11/2014
361.7,19/11/2014
388.87,18/11/2014
379.91,17/11/2014
378.48,16/11/2014
399.11,15/11/2014
373.14,14/11/2014
396.56,13/11/2014
369.41,12/11/2014
430.07,11/11/2014
365.04,10/11/2014
346.94,09/11/2014
356.34,08/11/2014
345.84,07/11/2014
338.63,06/11/2014
347.96,05/11/2014
341.99,04/11/2014
324.36,03/11/2014
325.81,02/11/2014
326.41,01/11/2014
345.3,31/10/2014
340.95,30/10/2014
337,29/10/2014
350.9,28/10/2014
354.94,27/10/2014
356.5,26/10/2014
358.49,25/10/2014
348.89,24/10/2014
358.46,23/10/2014
385.89,22/10/2014
385.1,21/10/2014
387,20/10/2014
391,19/10/2014
388.99,18/10/2014
389.68,17/10/2014
394.84,16/10/2014
378.02,15/10/2014
394,14/10/2014
380.8,13/10/2014
381.46,12/10/2014
364.83,11/10/2014
363.61,10/10/2014
358.97,09/10/2014
378.94,08/10/2014
327.61,07/10/2014
330.7,06/10/2014
331.2,05/10/2014
358.9,04/10/2014
336,03/10/2014
363.75,02/10/2014
390.18,01/10/2014
385.27,30/09/2014
382.67,29/09/2014
400.39,28/09/2014
380,27/09/2014
400.74,26/09/2014
423.68,25/09/2014
408.08,24/09/2014
431.91,23/09/2014
401.15,22/09/2014
400.98,21/09/2014
406.3,20/09/2014
425.56,19/09/2014
398.89,18/09/2014
428.19,17/09/2014
470.83,16/09/2014
468,15/09/2014
475.3,14/09/2014
474.62,13/09/2014
479.86,12/09/2014
470.43,11/09/2014
473.35,10/09/2014
485.03,09/09/2014
466.48,08/09/2014
479.59,07/09/2014
480.62,06/09/2014
481.09,05/09/2014
474.5,04/09/2014
486,03/09/2014
472.76,02/09/2014
478.87,01/09/2014
482.59,31/08/2014
477.98,30/08/2014
506.61,29/08/2014
511.99,28/08/2014
509.39,27/08/2014
501.55,26/08/2014
512.79,25/08/2014
503.79,24/08/2014
515.69,23/08/2014
503.88,22/08/2014
518.25,21/08/2014
490,20/08/2014
507.3,19/08/2014
487.5,18/08/2014
523.88,17/08/2014
491.88,16/08/2014
509,15/08/2014
549.98,14/08/2014
521.66,13/08/2014
550.14,12/08/2014
590.74,11/08/2014
578.97,10/08/2014
588.99,09/08/2014
585.02,08/08/2014
589.3,07/08/2014
587.24,06/08/2014
588.5,05/08/2014
580.21,04/08/2014
593.94,03/08/2014
595.76,02/08/2014
591.59,01/08/2014
601.94,31/07/2014
585.5,30/07/2014
573.48,29/07/2014
581.5,28/07/2014
595.9,27/07/2014
592.51,26/07/2014
595.88,25/07/2014
620.43,24/07/2014
601.18,23/07/2014
622.01,22/07/2014
627,21/07/2014
619.14,20/07/2014
623.77,19/07/2014
625.8,18/07/2014
629.86,17/07/2014
626,16/07/2014
621.21,15/07/2014
623.17,14/07/2014
622.8,13/07/2014
634,12/07/2014
631.98,11/07/2014
630.31,10/07/2014
624.97,09/07/2014
624.84,08/07/2014
623.7,07/07/2014
631,06/07/2014
634.49,05/07/2014
632.78,04/07/2014
650.49,03/07/2014
644.04,02/07/2014
654,01/07/2014
599.99,30/06/2014
620,29/06/2014
596,28/06/2014
577.34,27/06/2014
588.97,26/06/2014
569,25/06/2014
588.25,24/06/2014
585.54,23/06/2014
591.5,22/06/2014
593.48,21/06/2014
590.99,20/06/2014
593.33,19/06/2014
608,18/06/2014
604.6,17/06/2014
597.65,16/06/2014
572.28,15/06/2014
560.49,14/06/2014
557.92,13/06/2014
624.97,12/06/2014
617,11/06/2014
639.99,10/06/2014
657.11,09/06/2014
650.93,08/06/2014
652,07/06/2014
661.48,06/06/2014
655.75,05/06/2014
658.72,04/06/2014
662,03/06/2014
673.9,02/06/2014
631.49,01/06/2014
621.3,31/05/2014
620.45,30/05/2014
609.03,29/05/2014
572.7,28/05/2014
574.33,27/05/2014
581.87,26/05/2014
527.91,25/05/2014
575,24/05/2014
521.52,23/05/2014
493.97,22/05/2014
523.84,21/05/2014
494.87,20/05/2014
446.89,19/05/2014
446.42,18/05/2014
447.14,17/05/2014
446.53,16/05/2014
449.51,15/05/2014
448.99,14/05/2014
442.45,13/05/2014
438.95,12/05/2014
441.5,11/05/2014
449,10/05/2014
452.42,09/05/2014
452.02,08/05/2014
428.01,07/05/2014
446.65,06/05/2014
430.33,05/05/2014
440,04/05/2014
436.21,03/05/2014
434.5,02/05/2014
452.03,01/05/2014
460.01,30/04/2014
449,29/04/2014
438.8,28/04/2014
447,27/04/2014
440.1,26/04/2014
502.15,25/04/2014
459.15,24/04/2014
491.6,23/04/2014
498.38,22/04/2014
493.33,21/04/2014
496.5,20/04/2014
482.11,19/04/2014
499.9,18/04/2014
479.98,17/04/2014
523,16/04/2014
511.5,15/04/2014
489.91,14/04/2014
423.37,13/04/2014
405,12/04/2014
424.98,11/04/2014
441.93,10/04/2014
401,09/04/2014
443.1,08/04/2014
458,07/04/2014
447.74,06/04/2014
459.67,05/04/2014
448.72,04/04/2014
446.01,03/04/2014
446.31,02/04/2014
457.49,01/04/2014
479.51,31/03/2014
457,30/03/2014
499.6,29/03/2014
499.94,28/03/2014
503,27/03/2014
585.79,26/03/2014
585.7,25/03/2014
580.02,24/03/2014
563.01,23/03/2014
567.13,22/03/2014
557,21/03/2014
611.2,20/03/2014
590,19/03/2014
608.41,18/03/2014
634.99,17/03/2014
624.7,16/03/2014
634.94,15/03/2014
641.01,14/03/2014
636.47,13/03/2014
642.61,12/03/2014
629.33,11/03/2014
622.9,10/03/2014
621.99,09/03/2014
631.99,08/03/2014
609,07/03/2014
621.3,06/03/2014
673.28,05/03/2014
664.85,04/03/2014
677.61,03/03/2014
567.48,02/03/2014
559.88,01/03/2014
571.5,28/02/2014
585.21,27/02/2014
585.17,26/02/2014
585.38,25/02/2014
611.05,24/02/2014
545,23/02/2014
626.77,22/02/2014
563,21/02/2014
566.16,20/02/2014
582.7,19/02/2014
629.96,18/02/2014
626.77,17/02/2014
642,16/02/2014
670.29,15/02/2014
651.42,14/02/2014
672.1,13/02/2014
675.1,12/02/2014
667.01,11/02/2014
670,10/02/2014
680.8,09/02/2014
710,08/02/2014
707,07/02/2014
781,06/02/2014
778,05/02/2014
800,04/02/2014
814.34,03/02/2014
813.8,02/02/2014
819.57,01/02/2014
800,31/01/2014
802.5,30/01/2014
799.37,29/01/2014
747.57,28/01/2014
800.2,27/01/2014
777,26/01/2014
780.02,25/01/2014
806,24/01/2014
789.1,23/01/2014
824.78,22/01/2014
813.05,21/01/2014
822.56,20/01/2014
811.2,19/01/2014
833,18/01/2014
801.53,17/01/2014
841.83,16/01/2014
830.9,15/01/2014
847.7,14/01/2014
844.04,13/01/2014
807.83,12/01/2014
851,11/01/2014
826.28,10/01/2014
827.46,09/01/2014
809.17,08/01/2014
915.69,07/01/2014
867.38,06/01/2014
934.21,05/01/2014
807.39,04/01/2014
822.38,03/01/2014
806.21,02/01/2014
732,01/01/2014
746.9,31/12/2013
731,30/12/2013
715,29/12/2013
714.79,28/12/2013
701.61,27/12/2013
679.02,26/12/2013
734.42,25/12/2013
658.07,24/12/2013
614.11,23/12/2013
639.9,22/12/2013
637,21/12/2013
685.3,20/12/2013
660,19/12/2013
653,18/12/2013
690,17/12/2013
702.05,16/12/2013
709,15/12/2013
885,14/12/2013
864.7,13/12/2013
874,12/12/2013
978.76,11/12/2013
886.2,10/12/2013
936.98,09/12/2013
705.91,08/12/2013
722.99,07/12/2013
727.29,06/12/2013
1136.9,05/12/2013
1028.34,04/12/2013
1151,03/12/2013
955.01,02/12/2013
992.27,01/12/2013
970,30/11/2013
1014.1,29/11/2013
1083.9,28/11/2013
1009,27/11/2013
814.56,26/11/2013
844.9,25/11/2013
814,24/11/2013
795,23/11/2013
837.99,22/11/2013
761,21/11/2013
547,20/11/2013
595,19/11/2013
559.99,18/11/2013
437.24,17/11/2013
463,16/11/2013
433.53,15/11/2013
393,14/11/2013
416.5,13/11/2013
391.64,12/11/2013
328,11/11/2013
339.38,10/11/2013
296.91,09/11/2013
291.02,08/11/2013
325.56,07/11/2013
292.32,06/11/2013
229.95,05/11/2013
246.63,04/11/2013
225.1,03/11/2013
203,02/11/2013
204.15,01/11/2013
203.24,31/10/2013
216,30/10/2013
203.39,29/10/2013
202.09,28/10/2013
179.56,27/10/2013
189.06,26/10/2013
179.71,25/10/2013
203.7,24/10/2013
195.78,23/10/2013
199.95,22/10/2013
186.12,21/10/2013
177.07,20/10/2013
165.71,19/10/2013
143.94,18/10/2013
150.59,17/10/2013
143.33,16/10/2013
135.17,15/10/2013
139.24,14/10/2013
135.69,13/10/2013
127.41,12/10/2013
127.53,11/10/2013
126.84,10/10/2013
124.12,09/10/2013
126.08,08/10/2013
123.84,07/10/2013
121.2,06/10/2013
121.6,05/10/2013
121.51,04/10/2013
103.85,03/10/2013
116.95,02/10/2013
104.47,01/10/2013
127.01,30/09/2013
125.8,29/09/2013
128.1,28/09/2013
124.65,27/09/2013
125.6,26/09/2013
123.85,25/09/2013
122.65,24/09/2013
122.59,23/09/2013
123.02,22/09/2013
123.04,21/09/2013
123.5,20/09/2013
123.98,19/09/2013
139.15,18/09/2013
127.23,17/09/2013
127.56,16/09/2013
124.05,15/09/2013
125.46,14/09/2013
124.32,13/09/2013
126.54,12/09/2013
128.45,11/09/2013
124.1,10/09/2013
118.18,09/09/2013
121.66,08/09/2013
118.51,07/09/2013
122.63,06/09/2013
122.44,05/09/2013
124.51,04/09/2013
130.09,03/09/2013
130.45,02/09/2013
131.03,01/09/2013
124.84,31/08/2013
132.75,30/08/2013
124.79,29/08/2013
117.72,28/08/2013
119.25,27/08/2013
117.52,26/08/2013
109.04,25/08/2013
112.9,24/08/2013
108.79,23/08/2013
110.43,22/08/2013
111.01,21/08/2013
109.75,20/08/2013
99.3,19/08/2013
102.07,18/08/2013
99.02,17/08/2013
98.08,16/08/2013
98.51,15/08/2013
98.28,14/08/2013
106.64,13/08/2013
107.29884,12/08/2013
104.99498,11/08/2013
102.8,10/08/2013
102.61802,09/08/2013
102.3,08/08/2013
106.56,07/08/2013
105.6,06/08/2013
106.88378,05/08/2013
104.95,04/08/2013
104.67459,03/08/2013
103.80001,02/08/2013
106.2,01/08/2013
104.19,31/07/2013
104.95555,30/07/2013
98.7,29/07/2013
101.04202,28/07/2013
99.00001,27/07/2013
97,26/07/2013
96.39475,25/07/2013
96.2,24/07/2013
91.99,23/07/2013
95.396,22/07/2013
91.788,21/07/2013
92,20/07/2013
91.8775,19/07/2013
93.41082,18/07/2013
97.05,17/07/2013
97.97,16/07/2013
97.01,15/07/2013
98,14/07/2013
94.75,13/07/2013
95.995,12/07/2013
87.9,11/07/2013
87.15,10/07/2013
78.58899,09/07/2013
75,08/07/2013
77.64,07/07/2013
70.942,06/07/2013
80.04,05/07/2013
67.85844,04/07/2013
79.8,03/07/2013
87,02/07/2013
89.55,01/07/2013
90.998,30/06/2013
94.65,29/06/2013
95.85301,28/06/2013
96.63498,27/06/2013
103.89,26/06/2013
104.40565,25/06/2013
103.86665,24/06/2013
108.35,23/06/2013
107.68389,22/06/2013
109.09,21/06/2013
107.68,20/06/2013
111.97,19/06/2013
107.835,18/06/2013
99.9,17/06/2013
100.52521,16/06/2013
100,15/06/2013
103.9,14/06/2013
100,13/06/2013
109,12/06/2013
106.1,11/06/2013
108,10/06/2013
104.96851,09/06/2013
111.5,08/06/2013
107.8,07/06/2013
110.29501,06/06/2013
121.42,05/06/2013
122.4051,04/06/2013
120.56663,03/06/2013
129.3,02/06/2013
120.60293,01/06/2013
129.19945,31/05/2013
132.3,30/05/2013
130.99589,29/05/2013
129.97994,28/05/2013
133.5,27/05/2013
132.60997,26/05/2013
134.04701,25/05/2013
126.7,24/05/2013
131.5,23/05/2013
125.67,22/05/2013
122.02,21/05/2013
122.5,20/05/2013
122.65001,19/05/2013
123.32,18/05/2013
123.74995,17/05/2013
124.49,16/05/2013
112,15/05/2013
114.98499,14/05/2013
119,13/05/2013
115.68,12/05/2013
114.32,11/05/2013
115.4,10/05/2013
113.35,09/05/2013
109.56154,08/05/2013
113.95001,07/05/2013
115.98,06/05/2013
120.94999,05/05/2013
117.89001,04/05/2013
103.3,03/05/2013
93.15,02/05/2013
105.00003,01/05/2013
144.54,30/04/2013
139.109,29/04/2013
141.50002,28/04/2013
137,27/04/2013
128.00001,26/04/2013
135.601,25/04/2013
142.5,24/04/2013
153.20019,23/04/2013
136.08099,22/04/2013
127.5,21/04/2013
125,20/04/2013
123.86,19/04/2013
93.9,18/04/2013
96.5,17/04/2013
85.59999,16/04/2013
100,15/04/2013
91,14/04/2013
91,13/04/2013
124.9,12/04/2013
76.488,11/04/2013
123.40098,10/04/2013
186.96,09/04/2013
237.99,08/04/2013
184,07/04/2013
142.1,06/04/2013
142.49765,05/04/2013
143.8,04/04/2013
117.34,03/04/2013
138.79,02/04/2013
108.73,01/04/2013
92.5,31/03/2013
92.50001,30/03/2013
90.99999,29/03/2013
88.8,28/03/2013
93.56701,27/03/2013
88.9,26/03/2013
71.93,25/03/2013
73.88798,24/03/2013
70.1,23/03/2013
70.25,22/03/2013
71.5,21/03/2013
73.8,20/03/2013
52.12,19/03/2013
57.76,18/03/2013
47.65,17/03/2013
46.9,16/03/2013
47.11,15/03/2013
47.25005,14/03/2013
44.32,13/03/2013
46.79999,12/03/2013
45.01771,11/03/2013
46.93,10/03/2013
46.5,09/03/2013
46.01112,08/03/2013
42,07/03/2013
42.49271,06/03/2013
47.5,05/03/2013
34.25,04/03/2013
36.35,03/03/2013
34.10007,02/03/2013
33.36,01/03/2013
34.87799,28/02/2013
33.50001,27/02/2013
30.4,26/02/2013
31.179,25/02/2013
30.25001,24/02/2013
30.52,23/02/2013
29.27998,22/02/2013
30.901,21/02/2013
29.48,20/02/2013
29.81231,19/02/2013
28.78999,18/02/2013
27.39,17/02/2013
25.6083,16/02/2013
27.07009,15/02/2013
24.3,14/02/2013
26.53092,13/02/2013
26.09999,12/02/2013
23.97,11/02/2013
24.1955,10/02/2013
23.61458,09/02/2013
22.15,08/02/2013
22.15,07/02/2013
22.15,06/02/2013
20.99,05/02/2013
20.79,04/02/2013
21.05,03/02/2013
21.25,02/02/2013
21.1,01/02/2013
21.3,31/01/2013
19.78,30/01/2013
19.7,29/01/2013
19.8,28/01/2013
17.71,27/01/2013
17.99999,26/01/2013
17.61926,25/01/2013
17.97,24/01/2013
19.18999,23/01/2013
17.5889,22/01/2013
16.15,21/01/2013
16.98,20/01/2013
15.89,19/01/2013
15.53,18/01/2013
15.985,17/01/2013
15.39,16/01/2013
14.34,15/01/2013
14.47899,14/01/2013
14.3,13/01/2013
14.31,12/01/2013
14.34999,11/01/2013
14.29999,10/01/2013
13.84,09/01/2013
13.87998,08/01/2013
13.83,07/01/2013
13.54,06/01/2013
13.52999,05/01/2013
13.548,04/01/2013
13.42,03/01/2013
13.464,02/01/2013
13.4,01/01/2013
13.57,31/12/2012
13.59,30/12/2012
13.56998,29/12/2012
13.51,28/12/2012
13.6499,27/12/2012
13.47,26/12/2012
13.45,25/12/2012
13.45,24/12/2012
13.45,23/12/2012
13.63,22/12/2012
13.58998,21/12/2012
13.6475,20/12/2012
13.4,19/12/2012
13.399,18/12/2012
13.399,17/12/2012
13.75,16/12/2012
13.66548,15/12/2012
13.7722,14/12/2012
13.8,13/12/2012
13.79989,12/12/2012
13.63999,11/12/2012
13.53,10/12/2012
13.55,09/12/2012
13.53,08/12/2012
13.69,07/12/2012
13.68,06/12/2012
13.6888,05/12/2012
12.75,04/12/2012
12.96675,03/12/2012
12.67901,02/12/2012
12.66,01/12/2012
12.68778,30/11/2012
12.65,29/11/2012
12.5,28/11/2012
12.40712,27/11/2012
12.52999,26/11/2012
12.46,25/11/2012
12.6,24/11/2012
12.4108,23/11/2012
11.9,22/11/2012
12.28,21/11/2012
11.784,20/11/2012
11.82,19/11/2012
11.79998,18/11/2012
11.832,17/11/2012
11.28,16/11/2012
11.8,15/11/2012
11.114,14/11/2012
11.17,13/11/2012
11.129,12/11/2012
11.18,11/11/2012
11.04,10/11/2012
10.95899,09/11/2012
11.07,08/11/2012
10.97,07/11/2012
11.21603,06/11/2012
10.88997,05/11/2012
10.62,04/11/2012
10.68,03/11/2012
10.60097,02/11/2012
11.17,01/11/2012
11.279,31/10/2012
11.14,30/10/2012
10.69,29/10/2012
10.95,28/10/2012
10.61,27/10/2012
11.56,26/10/2012
11.09988,25/10/2012
11.71,24/10/2012
11.86,23/10/2012
12,22/10/2012
11.81,21/10/2012
11.94,20/10/2012
11.85,19/10/2012
11.967,18/10/2012
11.99,17/10/2012
11.99,16/10/2012
11.99,15/10/2012
12.1,14/10/2012
12,13/10/2012
12.137,12/10/2012
12.16,11/10/2012
12.19,10/10/2012
12.15,09/10/2012
12.58,08/10/2012
12.08,07/10/2012
12.7369,06/10/2012
13.07,05/10/2012
12.99,04/10/2012
13.0899,03/10/2012
12.58,02/10/2012
12.88,01/10/2012
12.481,30/09/2012
12.46,29/09/2012
12.49,28/09/2012
12.444,27/09/2012
12.24,26/09/2012
12.28,25/09/2012
12.22909,24/09/2012
12.4,23/09/2012
12.2749,22/09/2012
12.4433,21/09/2012
12.63,20/09/2012
12.68666,19/09/2012
12.61,18/09/2012
11.98,17/09/2012
11.9625,16/09/2012
11.99,15/09/2012
11.48,14/09/2012
11.75,13/09/2012
11.399,12/09/2012
11.14,11/09/2012
11.19401,10/09/2012
11.127,09/09/2012
11.27,08/09/2012
11.21,07/09/2012
11.29,06/09/2012
10.59,05/09/2012
10.57888,04/09/2012
10.5934,03/09/2012
10.36,02/09/2012
10.18999,01/09/2012
10.42,31/08/2012
11.14,30/08/2012
10.937,29/08/2012
11.20999,28/08/2012
10.99,27/08/2012
12.14999,26/08/2012
10.61913,25/08/2012
10.25,24/08/2012
10.25,23/08/2012
10.25,22/08/2012
10.45,21/08/2012
10.29999,20/08/2012
10.5,19/08/2012
15.37,18/08/2012
15.26014,17/08/2012
15.4,16/08/2012
12.3,15/08/2012
12.67,14/08/2012
12.17887,13/08/2012
11.64,12/08/2012
11.765,11/08/2012
11.59788,10/08/2012
11.35,09/08/2012
12,08/08/2012
11.14999,07/08/2012
11.21,06/08/2012
11.29112,05/08/2012
11.1869,04/08/2012
10.12,03/08/2012
11.1188,02/08/2012
9.8,01/08/2012
9.22,31/07/2012
9.44,30/07/2012
9.15,29/07/2012
8.95,28/07/2012
8.93,27/07/2012
8.95,26/07/2012
8.91,25/07/2012
8.76998,24/07/2012
8.96,23/07/2012
9.53,22/07/2012
9,21/07/2012
9.7,20/07/2012
9.37,19/07/2012
9.27491,18/07/2012
9.39899,17/07/2012
7.8,16/07/2012
8.2899,15/07/2012
7.64877,14/07/2012
7.46,13/07/2012
7.9,12/07/2012
7.32,11/07/2012
6.98,10/07/2012
7.239,09/07/2012
6.896,08/07/2012
6.74,07/07/2012
6.75,06/07/2012
6.73449,05/07/2012
6.71,04/07/2012
6.55,03/07/2012
6.765,02/07/2012
6.69,01/07/2012
6.694,30/06/2012
6.693,29/06/2012
6.58,28/06/2012
6.66897,27/06/2012
6.55555,26/06/2012
6.56,25/06/2012
6.44999,24/06/2012
6.5915,23/06/2012
6.8,22/06/2012
6.79962,21/06/2012
6.8,20/06/2012
6.48,19/06/2012
6.53294,18/06/2012
6.4668,17/06/2012
6.27,16/06/2012
6.599,15/06/2012
6.165,14/06/2012
5.76,13/06/2012
5.96,12/06/2012
5.7,11/06/2012
5.68,10/06/2012
5.62,09/06/2012
5.69999,08/06/2012
5.48,07/06/2012
5.529,06/06/2012
5.47,05/06/2012
5.27,04/06/2012
5.2785,03/06/2012
5.26466,02/06/2012
5.21,01/06/2012
5.27,31/05/2012
5.19,30/05/2012
5.16,29/05/2012
5.15889,28/05/2012
5.16,27/05/2012
5.15,26/05/2012
5.149,25/05/2012
5.15,24/05/2012
5.13,23/05/2012
5.16,22/05/2012
5.12,21/05/2012
5.14,20/05/2012
5.15,19/05/2012
5.14291,18/05/2012
5.1,17/05/2012
5.1345,16/05/2012
5.08998,15/05/2012
5.01,14/05/2012
5.036,13/05/2012
4.99888,12/05/2012
5.1,11/05/2012
5.03188,10/05/2012
5.125,09/05/2012
5.1,08/05/2012
5.1,07/05/2012
5.0947,06/05/2012
5.15,05/05/2012
5.1495,04/05/2012
5.15,03/05/2012
5.04,02/05/2012
5.1789,01/05/2012
5,30/04/2012
5.09,29/04/2012
5.0184,28/04/2012
5.1176,27/04/2012
5.16,26/04/2012
5.18,25/04/2012
5.16,24/04/2012
5.3,23/04/2012
5.21799,22/04/2012
5.3287,21/04/2012
5.19,20/04/2012
5.17,19/04/2012
5.19,18/04/2012
4.99,17/04/2012
5.02207,16/04/2012
4.98,15/04/2012
4.97,14/04/2012
5.03,13/04/2012
4.94464,12/04/2012
4.9,11/04/2012
4.8941,10/04/2012
4.9,09/04/2012
4.94,08/04/2012
4.8,07/04/2012
4.98,06/04/2012
4.96,05/04/2012
4.94486,04/04/2012
4.97,03/04/2012
4.97,02/04/2012
5.08,01/04/2012
4.929,31/03/2012
4.85,30/03/2012
4.83,29/03/2012
4.86092,28/03/2012
4.74,27/03/2012
4.74,26/03/2012
4.73793,25/03/2012
4.81,24/03/2012
4.74896,23/03/2012
4.83,22/03/2012
4.95,21/03/2012
4.87,20/03/2012
4.98,19/03/2012
5.4,18/03/2012
5.37998,17/03/2012
5.3998,16/03/2012
5.45,15/03/2012
5.45,14/03/2012
5.4444,13/03/2012
4.98,12/03/2012
4.95915,11/03/2012
4.99,10/03/2012
4.99,09/03/2012
4.9499,08/03/2012
5,07/03/2012
5.04,06/03/2012
5.05,05/03/2012
5.04,04/03/2012
4.94,03/03/2012
4.77995,02/03/2012
4.98888,01/03/2012
4.98,29/02/2012
4.9,28/02/2012
5,27/02/2012
5.05,26/02/2012
5.00073,25/02/2012
5.07,24/02/2012
4.63,23/02/2012
4.92481,22/02/2012
4.54,21/02/2012
4.38,20/02/2012
4.52,19/02/2012
4.33333,18/02/2012
4.74,17/02/2012
4.76998,16/02/2012
4.73368,15/02/2012
5.69,14/02/2012
5.6,13/02/2012
5.72,12/02/2012
5.94,11/02/2012
6,10/02/2012
5.92525,09/02/2012
5.74,08/02/2012
5.8494,07/02/2012
5.70999,06/02/2012
5.99,05/02/2012
5.9625,04/02/2012
6,03/02/2012
5.77,02/02/2012
6.2,01/02/2012
5.638,31/01/2012
5.72,30/01/2012
5.6,29/01/2012
5.76,28/01/2012
6.08,27/01/2012
5.689,26/01/2012
6.2,25/01/2012
6.47,24/01/2012
6.515,23/01/2012
6.45485,22/01/2012
6.57,21/01/2012
6.55,20/01/2012
6.58,19/01/2012
6.97,18/01/2012
6.95,17/01/2012
6.98,16/01/2012
6.81,15/01/2012
6.98999,14/01/2012
6.75,13/01/2012
7.1,12/01/2012
6.997,11/01/2012
7.138,10/01/2012
7.2,09/01/2012
7.2,08/01/2012
7.2,07/01/2012
6.6,06/01/2012
7.22,05/01/2012
6.399,04/01/2012
5.45,03/01/2012
5.29,02/01/2012
5.4999,01/01/2012
4.47,31/12/2011
4.995,30/12/2011
4.3,29/12/2011
4.09,28/12/2011
4.18888,27/12/2011
4.06,26/12/2011
4.06,25/12/2011
4.3897,24/12/2011
3.9499,23/12/2011
4.08,22/12/2011
3.99199,21/12/2011
4.11,20/12/2011
3.36,19/12/2011
3.70036,18/12/2011
3.25,17/12/2011
3.2,16/12/2011
3.23,15/12/2011
3.1933,14/12/2011
3.33,13/12/2011
3.3,12/12/2011
3.34237,11/12/2011
3.04,10/12/2011
3.04,09/12/2011
3.039,08/12/2011
3.06,07/12/2011
3.082,06/12/2011
3.05,05/12/2011
3.1,04/12/2011
2.99,03/12/2011
3.12999,02/12/2011
3,01/12/2011
3.14,30/11/2011
2.959,29/11/2011
2.51,28/11/2011
2.53899,27/11/2011
2.4965,26/11/2011
2.48,25/11/2011
2.56,24/11/2011
2.46,23/11/2011
2.3,22/11/2011
2.35,21/11/2011
2.29,20/11/2011
2.37,19/11/2011
2.3,18/11/2011
2.38998,17/11/2011
2.67,16/11/2011
2.6,15/11/2011
2.69,14/11/2011
3.11,13/11/2011
3.099,12/11/2011
3.11,11/11/2011
3.09,10/11/2011
3,09/11/2011
3.114,08/11/2011
3.04,07/11/2011
3.0289,06/11/2011
3.05,05/11/2011
3.28,04/11/2011
3.21874,03/11/2011
3.299,02/11/2011
3.38,01/11/2011
3.35,31/10/2011
3.388,30/10/2011
3.39,29/10/2011
3.82717,28/10/2011
3.255,27/10/2011
3,26/10/2011
2.876,25/10/2011
3.04,24/10/2011
3.31,23/10/2011
3.36,22/10/2011
3.3,21/10/2011
2.59,20/10/2011
2.42,19/10/2011
2.64999,18/10/2011
3.87,17/10/2011
3.75996,16/10/2011
3.9009,15/10/2011
4.37,14/10/2011
4.11455,13/10/2011
4.45,12/10/2011
4.23,11/10/2011
4.14001,10/10/2011
4.25937,09/10/2011
4.79,08/10/2011
4.594,07/10/2011
4.85,06/10/2011
5.03,05/10/2011
5.025,04/10/2011
5.03,03/10/2011
5.27,02/10/2011
5.16,01/10/2011
5.3,30/09/2011
4.95,29/09/2011
4.809,28/09/2011
4.989,27/09/2011
5.49,26/09/2011
5.46014,25/09/2011
5.5,24/09/2011
5.8,23/09/2011
5.70653,22/09/2011
5.83001,21/09/2011
5.89,20/09/2011
6.795,19/09/2011
5.6,18/09/2011
5.18,17/09/2011
5.022,16/09/2011
5.23,15/09/2011
6.19,14/09/2011
5.990000001,13/09/2011
6.25,12/09/2011
6.49,11/09/2011
7.4,10/09/2011
6.20892,09/09/2011
7.53,08/09/2011
7.31509,07/09/2011
7.59916,06/09/2011
8.56,05/09/2011
8.467,04/09/2011
8.593999999,03/09/2011
8.46,02/09/2011
8.4989,01/09/2011
8.44934,31/08/2011
9.4,30/08/2011
9.15031,29/08/2011
9.4811,28/08/2011
10.01,27/08/2011
9.11,26/08/2011
10.3,25/08/2011
11.47,24/08/2011
11.4,23/08/2011
11.49,22/08/2011
11.75,21/08/2011
11.59,20/08/2011
11.798,19/08/2011
11.39,18/08/2011
11.67,17/08/2011
11.3,16/08/2011
11.4,15/08/2011
11.89,14/08/2011
11.24,13/08/2011
10.35,12/08/2011
9.89520343,11/08/2011
10.4959,10/08/2011
9.66,09/08/2011
12.1,08/08/2011
8.89,07/08/2011
11.42,06/08/2011
11,05/08/2011
11.55,04/08/2011
13.37,03/08/2011
13.1,02/08/2011
13.45,01/08/2011
14.06,31/07/2011
14.8999,30/07/2011
13.8,29/07/2011
14.1,28/07/2011
14,27/07/2011
14.13,26/07/2011
14.16,25/07/2011
14.7399,24/07/2011
13.979999,23/07/2011
13.94,22/07/2011
13.9389,21/07/2011
13.9389,20/07/2011
13.93,19/07/2011
14.7,18/07/2011
13.6901,17/07/2011
14.25,16/07/2011
14.1,15/07/2011
14.3,14/07/2011
14.52,13/07/2011
14.15,12/07/2011
14.63988,11/07/2011
15.16,10/07/2011
15.68,09/07/2011
15,08/07/2011
16.44,07/07/2011
16.25,06/07/2011
16.5,05/07/2011
15.74,04/07/2011
15.85,03/07/2011
15.7,02/07/2011
17.38,01/07/2011
17,30/06/2011
17.5,29/06/2011
17.89,28/06/2011
17.52,27/06/2011
18,26/06/2011
16.95,25/06/2011
17.6,24/06/2011
16.7501,23/06/2011
15.39,22/06/2011
15.05,21/06/2011
15.5,20/06/2011
17.6,19/06/2011
18.8766,18/06/2011
17.2,17/06/2011
19.99,16/06/2011
19.96,15/06/2011
20,14/06/2011
24.87,13/06/2011
24.5,12/06/2011
24.99,11/06/2011
32.34,10/06/2011
35,09/06/2011
31.5,08/06/2011
19.19,07/06/2011
19.06,06/06/2011
19.23,05/06/2011
15.05,04/06/2011
17.41,03/06/2011
14.3,02/06/2011
9.47,01/06/2011
9.391,31/05/2011
9.4998,30/05/2011
8.68,29/05/2011
8.4992,28/05/2011
8.735,27/05/2011
7.95,26/05/2011
9.33,25/05/2011
7.51,24/05/2011
6.81,23/05/2011
7.45,22/05/2011
6.61,21/05/2011
7.28,20/05/2011
7.1,19/05/2011
7.34,18/05/2011
8.47,17/05/2011
8.38901,16/05/2011
8.5,15/05/2011
8.56,14/05/2011
8.9,13/05/2011
8.45,12/05/2011
5.41,11/05/2011
6.065,10/05/2011
5.2,09/05/2011
3.75,08/05/2011
3.9,07/05/2011
3.7,06/05/2011
3.56,05/05/2011
3.5,04/05/2011
3.58,03/05/2011
3.95,02/05/2011
3.495,01/05/2011
4.09,30/04/2011
2.66,29/04/2011
2.7,28/04/2011
2.65,27/04/2011
1.71,26/04/2011
1.73,25/04/2011
1.701,24/04/2011
1.38,23/04/2011
1.549,22/04/2011
1.332,21/04/2011
1.19,20/04/2011
1.1979,19/04/2011
1.19,18/04/2011
1.09,17/04/2011
1.085,16/04/2011
1.095,15/04/2011
0.99,14/04/2011
0.94,13/04/2011
1,12/04/2011
0.76,11/04/2011
0.781,10/04/2011
0.758899,09/04/2011
0.78,08/04/2011
0.799,07/04/2011
0.7677,06/04/2011
0.77,05/04/2011
0.71,04/04/2011
0.79,03/04/2011
0.8,02/04/2011
0.79697,01/04/2011
0.79997,31/03/2011
0.8,30/03/2011
0.795,29/03/2011
0.8,28/03/2011
0.9,27/03/2011
0.8958,26/03/2011
0.905,25/03/2011
0.86,24/03/2011
0.9,23/03/2011
0.85,22/03/2011
0.79,21/03/2011
0.7883,20/03/2011
0.79,19/03/2011
0.87,18/03/2011
0.850617,17/03/2011
0.88,16/03/2011
0.9,15/03/2011
0.899885,14/03/2011
0.9,13/03/2011
0.93,12/03/2011
0.9197,11/03/2011
0.9329,10/03/2011
0.9,09/03/2011
0.883751,08/03/2011
0.9072,07/03/2011
0.92,06/03/2011
0.910445,05/03/2011
0.918901,04/03/2011
0.95,03/03/2011
0.94,02/03/2011
0.9498,01/03/2011
0.96,28/02/2011
0.949231,27/02/2011
0.96,26/02/2011
0.96,25/02/2011
1,24/02/2011
0.9499,23/02/2011
0.88,22/02/2011
0.869499,21/02/2011
0.8796,20/02/2011
1.04,19/02/2011
1.02,18/02/2011
1.05019,17/02/2011
1.08,16/02/2011
1.05019,15/02/2011
1.085,14/02/2011
1.09,13/02/2011
1.08,12/02/2011
1.0899,11/02/2011
0.97,10/02/2011
1.1,09/02/2011
0.935,08/02/2011
0.92,07/02/2011
0.90585,06/02/2011
0.92,05/02/2011
0.78,04/02/2011
0.88,03/02/2011
0.75,02/02/2011
0.61,01/02/2011
0.95,31/01/2011
0.5,30/01/2011
0.45,29/01/2011
0.446,28/01/2011
0.45,27/01/2011
0.43,26/01/2011
0.425,25/01/2011
0.425,24/01/2011
0.43,23/01/2011
0.4443,22/01/2011
0.4299,21/01/2011
0.35,20/01/2011
0.3675,19/01/2011
0.3401,18/01/2011
0.4,17/01/2011
0.4,16/01/2011
0.4,15/01/2011
0.42,14/01/2011
0.45,13/01/2011
0.405,12/01/2011
0.33,11/01/2011
0.329,10/01/2011
0.329,09/01/2011
0.32,08/01/2011
0.322898,07/01/2011
0.322,06/01/2011
0.3,05/01/2011
0.298998,04/01/2011
0.299899,03/01/2011
0.3,02/01/2011
0.299996,01/01/2011
0.299998,31/12/2010
0.3,30/12/2010
0.299999,29/12/2010
0.301,28/12/2010
0.27,27/12/2010
0.265,26/12/2010
0.269999,25/12/2010
0.25,24/12/2010
0.25,23/12/2010
0.25,22/12/2010
0.27,21/12/2010
0.26909,20/12/2010
0.275,19/12/2010
0.25,18/12/2010
0.249,17/12/2010
0.255,16/12/2010
0.23,15/12/2010
0.2468,14/12/2010
0.23,13/12/2010
0.23,12/12/2010
0.228,11/12/2010
0.2275,10/12/2010
0.25,09/12/2010
0.2388,08/12/2010
0.2477,07/12/2010
0.23,06/12/2010
0.225,05/12/2010
0.235,04/12/2010
0.25,03/12/2010
0.2553,02/12/2010
0.25,01/12/2010
0.28,30/11/2010
0.275,29/11/2010
0.279,28/11/2010
0.29,27/11/2010
0.284399,26/11/2010
0.289,25/11/2010
0.29,24/11/2010
0.28299,23/11/2010
0.2879,22/11/2010
0.29,21/11/2010
0.29,20/11/2010
0.289,19/11/2010
0.28,18/11/2010
0.289999,17/11/2010
0.28,16/11/2010
0.3,15/11/2010
0.2828,14/11/2010
0.299,13/11/2010
0.24,12/11/2010
0.251,11/11/2010
0.24,10/11/2010
0.36,09/11/2010
0.3368,08/11/2010
0.37,07/11/2010
0.25,06/11/2010
0.29,05/11/2010
0.2399,04/11/2010
0.21,03/11/2010
0.275,02/11/2010
0.1955,01/11/2010
0.19,31/10/2010
0.199,30/10/2010
0.1919,29/10/2010
0.19,28/10/2010
0.19001,27/10/2010
0.19,26/10/2010
0.18,25/10/2010
0.15,24/10/2010
0.19,23/10/2010
0.11,22/10/2010
0.107,21/10/2010
0.109,20/10/2010
0.1,19/10/2010
0.1024,18/10/2010
0.103,17/10/2010
0.12,16/10/2010
0.109,15/10/2010
0.119,14/10/2010
0.1,13/10/2010
0.095,12/10/2010
0.099,11/10/2010
0.12,10/10/2010
0.12,09/10/2010
0.12001,08/10/2010
0.06,07/10/2010
0.0638,06/10/2010
0.0633,05/10/2010
0.06,04/10/2010
0.062,03/10/2010
0.0614,02/10/2010
0.06,01/10/2010
0.061999,30/09/2010
0.06192,29/09/2010
0.06,28/09/2010
0.06271,27/09/2010
0.062206,26/09/2010
0.06,25/09/2010
0.0624,24/09/2010
0.06281,23/09/2010
0.06,22/09/2010
0.0628,21/09/2010
0.0633,20/09/2010
0.06,19/09/2010
0.062599,18/09/2010
0.0609,17/09/2010
0.15,16/09/2010
0.0619,15/09/2010
0.175,14/09/2010
0.06,13/09/2010
0.06201,12/09/2010
0.064999,11/09/2010
0.06,10/09/2010
0.06201,09/09/2010
0.0624,08/09/2010
0.06,07/09/2010
0.06185,06/09/2010
0.064,05/09/2010
0.06,04/09/2010
0.0613,03/09/2010
0.0634,02/09/2010
0.06,01/09/2010
0.0649,31/08/2010
0.06497,30/08/2010
0.06,29/08/2010
0.0648,28/08/2010
0.065,27/08/2010
0.07,26/08/2010
0.066499,25/08/2010
0.0665,24/08/2010
0.07,23/08/2010
0.066,22/08/2010
0.0664,21/08/2010
0.07,20/08/2010
0.0667,19/08/2010
0.0688,18/08/2010
0,17/08/2010
0.0769,16/08/2010
0,15/08/2010
0,14/08/2010
0,13/08/2010
0,12/08/2010
0,11/08/2010
0,10/08/2010
0,09/08/2010
0,08/08/2010
0,07/08/2010
0,06/08/2010
0,05/08/2010
0,04/08/2010
0,03/08/2010
0,02/08/2010
0,01/08/2010
0,31/07/2010
0,30/07/2010
0,29/07/2010
0,28/07/2010
0,27/07/2010
0,26/07/2010
0,25/07/2010
0,24/07/2010
0,23/07/2010
0,22/07/2010
0,21/07/2010
0,20/07/2010
0,19/07/2010
0,18/07/2010
0,17/07/2010
0,16/07/2010
0,15/07/2010
0,14/07/2010
0,13/07/2010
0,12/07/2010
0,11/07/2010
0,10/07/2010
0,09/07/2010
0,08/07/2010
0,07/07/2010
0,06/07/2010
0,05/07/2010
0,04/07/2010
0,03/07/2010
0,02/07/2010
0,01/07/2010
0,30/06/2010
0,29/06/2010
0,28/06/2010
0,27/06/2010
0,26/06/2010
0,25/06/2010
0,24/06/2010
0,23/06/2010
0,22/06/2010
0,21/06/2010
0,20/06/2010
0,19/06/2010
0,18/06/2010
0,17/06/2010
0,16/06/2010
0,15/06/2010
0,14/06/2010
0,13/06/2010
0,12/06/2010
0,11/06/2010
0,10/06/2010
0,09/06/2010
0,08/06/2010
0,07/06/2010
0,06/06/2010
0,05/06/2010
0,04/06/2010
0,03/06/2010
0,02/06/2010
0,01/06/2010
0,31/05/2010
0,30/05/2010
0,29/05/2010
0,28/05/2010
0,27/05/2010
0,26/05/2010
0,25/05/2010
0,24/05/2010
0,23/05/2010
0,22/05/2010
0,21/05/2010
0,20/05/2010
0,19/05/2010
0,18/05/2010
0,17/05/2010
0,16/05/2010
0,15/05/2010
0,14/05/2010
0,13/05/2010
0,12/05/2010
0,11/05/2010
0,10/05/2010
0,09/05/2010
0,08/05/2010
0,07/05/2010
0,06/05/2010
0,05/05/2010
0,04/05/2010
0,03/05/2010
0,02/05/2010
0,01/05/2010
0,30/04/2010
0,29/04/2010
0,28/04/2010
0,27/04/2010
0,26/04/2010
0,25/04/2010
0,24/04/2010
0,23/04/2010
0,22/04/2010
0,21/04/2010
0,20/04/2010
0,19/04/2010
0,18/04/2010
0,17/04/2010
0,16/04/2010
0,15/04/2010
0,14/04/2010
0,13/04/2010
0,12/04/2010
0,11/04/2010
0,10/04/2010
0,09/04/2010
0,08/04/2010
0,07/04/2010
0,06/04/2010
0,05/04/2010
0,04/04/2010
0,03/04/2010
0,02/04/2010
0,01/04/2010
0,31/03/2010
0,30/03/2010
0,29/03/2010
0,28/03/2010
0,27/03/2010
0,26/03/2010
0,25/03/2010
0,24/03/2010
0,23/03/2010
0,22/03/2010
0,21/03/2010
0,20/03/2010
0,19/03/2010
0,18/03/2010
0,17/03/2010
0,16/03/2010
0,15/03/2010
0,14/03/2010
0,13/03/2010
0,12/03/2010
0,11/03/2010
0,10/03/2010
0,09/03/2010
0,08/03/2010
0,07/03/2010
0,06/03/2010
0,05/03/2010
0,04/03/2010
0,03/03/2010
0,02/03/2010
0,01/03/2010
0,28/02/2010
0,27/02/2010
0,26/02/2010
0,25/02/2010
0,24/02/2010
0,23/02/2010
0,22/02/2010
0,21/02/2010
0,20/02/2010
0,19/02/2010
0,18/02/2010
0,17/02/2010
0,16/02/2010
0,15/02/2010
0,14/02/2010
0,13/02/2010
0,12/02/2010
0,11/02/2010
0,10/02/2010
0,09/02/2010
0,08/02/2010
0,07/02/2010
0,06/02/2010
0,05/02/2010
0,04/02/2010
0,03/02/2010
0,02/02/2010
0,01/02/2010
0,31/01/2010
0,30/01/2010
0,29/01/2010
0,28/01/2010
0,27/01/2010
0,26/01/2010
0,25/01/2010
0,24/01/2010
0,23/01/2010
0,22/01/2010
0,21/01/2010
0,20/01/2010
0,19/01/2010
0,18/01/2010
0,17/01/2010
0,16/01/2010
0,15/01/2010
0,14/01/2010
0,13/01/2010
0,12/01/2010
0,11/01/2010
0,10/01/2010
0,09/01/2010
0,08/01/2010
0,07/01/2010
0,06/01/2010
0,05/01/2010
0,04/01/2010
0,03/01/2010
0,02/01/2010
0,01/01/2010
0,31/12/2009
0,30/12/2009
0,29/12/2009
0,28/12/2009
0,27/12/2009
0,26/12/2009
0,25/12/2009
0,24/12/2009
0,23/12/2009
0,22/12/2009
0,21/12/2009
0,20/12/2009
0,19/12/2009
0,18/12/2009
0,17/12/2009
0,16/12/2009
0,15/12/2009
0,14/12/2009
0,13/12/2009
0,12/12/2009
0,11/12/2009
0,10/12/2009
0,09/12/2009
0,08/12/2009
0,07/12/2009
0,06/12/2009
0,05/12/2009
0,04/12/2009
0,03/12/2009
0,02/12/2009
0,01/12/2009
0,30/11/2009
0,29/11/2009
0,28/11/2009
0,27/11/2009
0,26/11/2009
0,25/11/2009
0,24/11/2009
0,23/11/2009
0,22/11/2009
0,21/11/2009
0,20/11/2009
0,19/11/2009
0,18/11/2009
0,17/11/2009
0,16/11/2009
0,15/11/2009
0,14/11/2009
0,13/11/2009
0,12/11/2009
0,11/11/2009
0,10/11/2009
0,09/11/2009
0,08/11/2009
0,07/11/2009
0,06/11/2009
0,05/11/2009
0,04/11/2009
0,03/11/2009
0,02/11/2009
0,01/11/2009
0,31/10/2009
0,30/10/2009
0,29/10/2009
0,28/10/2009
0,27/10/2009
0,26/10/2009
0,25/10/2009
0,24/10/2009
0,23/10/2009
0,22/10/2009
0,21/10/2009
0,20/10/2009
0,19/10/2009
0,18/10/2009
0,17/10/2009
0,16/10/2009
0,15/10/2009
0,14/10/2009
0,13/10/2009
0,12/10/2009
0,11/10/2009
0,10/10/2009
0,09/10/2009
0,08/10/2009
0,07/10/2009
0,06/10/2009
0,05/10/2009
0,04/10/2009
0,03/10/2009
0,02/10/2009
0,01/10/2009
0,30/09/2009
0,29/09/2009
0,28/09/2009
0,27/09/2009
0,26/09/2009
0,25/09/2009
0,24/09/2009
0,23/09/2009
0,22/09/2009
0,21/09/2009
0,20/09/2009
0,19/09/2009
0,18/09/2009
0,17/09/2009
0,16/09/2009
0,15/09/2009
0,14/09/2009
0,13/09/2009
0,12/09/2009
0,11/09/2009
0,10/09/2009
0,09/09/2009
0,08/09/2009
0,07/09/2009
0,06/09/2009
0,05/09/2009
0,04/09/2009
0,03/09/2009
0,02/09/2009
0,01/09/2009
0,31/08/2009
0,30/08/2009
0,29/08/2009
0,28/08/2009
0,27/08/2009
0,26/08/2009
0,25/08/2009
0,24/08/2009
0,23/08/2009
0,22/08/2009
0,21/08/2009
0,20/08/2009
0,19/08/2009
0,18/08/2009
0,17/08/2009
0,16/08/2009
0,15/08/2009
0,14/08/2009
0,13/08/2009
0,12/08/2009
0,11/08/2009
0,10/08/2009
0,09/08/2009
0,08/08/2009
0,07/08/2009
0,06/08/2009
0,05/08/2009
0,04/08/2009
0,03/08/2009
0,02/08/2009
0,01/08/2009
0,31/07/2009
0,30/07/2009
0,29/07/2009
0,28/07/2009
0,27/07/2009
0,26/07/2009
0,25/07/2009
0,24/07/2009
0,23/07/2009
0,22/07/2009
0,21/07/2009
0,20/07/2009
0,19/07/2009
0,18/07/2009
0,17/07/2009
0,16/07/2009
0,15/07/2009
0,14/07/2009
0,13/07/2009
0,12/07/2009
0,11/07/2009
0,10/07/2009
0,09/07/2009
0,08/07/2009
0,07/07/2009
0,06/07/2009
0,05/07/2009
0,04/07/2009
0,03/07/2009
0,02/07/2009
0,01/07/2009
0,30/06/2009
0,29/06/2009
0,28/06/2009
0,27/06/2009
0,26/06/2009
0,25/06/2009
0,24/06/2009
0,23/06/2009
0,22/06/2009
0,21/06/2009
0,20/06/2009
0,19/06/2009
0,18/06/2009
0,17/06/2009
0,16/06/2009
0,15/06/2009
0,14/06/2009
0,13/06/2009
0,12/06/2009
0,11/06/2009
0,10/06/2009
0,09/06/2009
0,08/06/2009
0,07/06/2009
0,06/06/2009
0,05/06/2009
0,04/06/2009
0,03/06/2009
0,02/06/2009
0,01/06/2009
0,31/05/2009
0,30/05/2009
0,29/05/2009
0,28/05/2009
0,27/05/2009
0,26/05/2009
0,25/05/2009
0,24/05/2009
0,23/05/2009
0,22/05/2009
0,21/05/2009
0,20/05/2009
0,19/05/2009
0,18/05/2009
0,17/05/2009
0,16/05/2009
0,15/05/2009
0,14/05/2009
0,13/05/2009
0,12/05/2009
0,11/05/2009
0,10/05/2009
0,09/05/2009
0,08/05/2009
0,07/05/2009
0,06/05/2009
0,05/05/2009
0,04/05/2009
0,03/05/2009
0,02/05/2009
0,01/05/2009
0,30/04/2009
0,29/04/2009
0,28/04/2009
0,27/04/2009
0,26/04/2009
0,25/04/2009
0,24/04/2009
0,23/04/2009
0,22/04/2009
0,21/04/2009
0,20/04/2009
0,19/04/2009
0,18/04/2009
0,17/04/2009
0,16/04/2009
0,15/04/2009
0,14/04/2009
0,13/04/2009
0,12/04/2009
0,11/04/2009
0,10/04/2009
0,09/04/2009
0,08/04/2009
0,07/04/2009
0,06/04/2009
0,05/04/2009
0,04/04/2009
0,03/04/2009
0,02/04/2009
0,01/04/2009
0,31/03/2009
0,30/03/2009
0,29/03/2009
0,28/03/2009
0,27/03/2009
0,26/03/2009
0,25/03/2009
0,24/03/2009
0,23/03/2009
0,22/03/2009
0,21/03/2009
0,20/03/2009
0,19/03/2009
0,18/03/2009
0,17/03/2009
0,16/03/2009
0,15/03/2009
0,14/03/2009
0,13/03/2009
0,12/03/2009
0,11/03/2009
0,10/03/2009
0,09/03/2009
0,08/03/2009
0,07/03/2009
0,06/03/2009
0,05/03/2009
0,04/03/2009
0,03/03/2009
0,02/03/2009
0,01/03/2009
0,28/02/2009
0,27/02/2009
0,26/02/2009
0,25/02/2009
0,24/02/2009
0,23/02/2009
0,22/02/2009
0,21/02/2009
0,20/02/2009
0,19/02/2009
0,18/02/2009
0,17/02/2009
0,16/02/2009
0,15/02/2009
0,14/02/2009
0,13/02/2009
0,12/02/2009
0,11/02/2009
0,10/02/2009
0,09/02/2009
0,08/02/2009
0,07/02/2009
0,06/02/2009
0,05/02/2009
0,04/02/2009
0,03/02/2009
0,02/02/2009
0,01/02/2009
0,31/01/2009
0,30/01/2009
0,29/01/2009
0,28/01/2009
0,27/01/2009
0,26/01/2009
0,25/01/2009
0,24/01/2009
0,23/01/2009
0,22/01/2009
0,21/01/2009
0,20/01/2009
0,19/01/2009
0,18/01/2009
0,17/01/2009
0,16/01/2009
0,15/01/2009
0,14/01/2009
0,13/01/2009
0,12/01/2009
0,11/01/2009
0,10/01/2009
0,09/01/2009
0,08/01/2009
0,07/01/2009
0,06/01/2009
0,05/01/2009
0,04/01/2009
0,03/01/2009
0,02/01/2009
